geography code,reception_4yrs_5yrs_old_% obese,reception_4yrs_5yrs_old_Number measured,reception_4yrs_5yrs_old_Number obese,year_6_10yrs_11yrs_old_% obese,year_6_10yrs_11yrs_old_Number measured,year_6_10yrs_11yrs_old_Number obese
E02000001,0.1111111111111111,81,9,0.23214285714285715,56,13
E02000002,0.13370473537604458,359,48,0.24015748031496062,254,61
E02000003,0.12219451371571072,401,49,0.23961661341853036,313,75
E02000004,0.14423076923076922,208,30,0.21014492753623187,138,29
E02000005,0.11157894736842106,475,53,0.24242424242424243,363,88
E02000007,0.16135458167330677,502,81,0.25675675675675674,370,95
E02000008,0.1385083713850837,657,91,0.27315914489311166,421,115
E02000009,0.13147410358565736,502,66,0.2988505747126437,348,104
E02000010,0.099609375,512,51,0.2507042253521127,355,89
E02000011,0.1152542372881356,295,34,0.251063829787234,235,59
E02000012,0.11085450346420324,433,48,0.2540106951871658,374,95
E02000013,0.12095032397408208,463,56,0.2344632768361582,354,83
E02000014,0.16666666666666666,492,82,0.2478386167146974,347,86
E02000015,0.13272311212814644,437,58,0.2682926829268293,287,77
E02000016,0.1440501043841336,479,69,0.23986486486486486,296,71
E02000017,0.10824742268041238,388,42,0.24734982332155478,283,70
E02000018,0.12284069097888675,521,64,0.26558265582655827,369,98
E02000019,0.14960629921259844,508,76,0.2713864306784661,339,92
E02000020,0.1440329218106996,486,70,0.26535626535626533,407,108
E02000021,0.17708333333333334,480,85,0.33220338983050846,295,98
E02000022,0.1716171617161716,606,104,0.2962962962962963,378,112
E02000023,0.15680473372781065,338,53,0.2730496453900709,282,77
E02000024,0.04672897196261682,321,15,0.125,280,35
E02000025,0.09090909090909091,231,21,0.24561403508771928,171,42
E02000026,0.10952380952380952,210,23,0.18497109826589594,173,32
E02000027,0.08408408408408409,333,28,0.18947368421052632,285,54
E02000028,0.06842105263157895,190,13,0.1610738255033557,149,24
E02000029,0.08708708708708708,333,29,0.23043478260869565,230,53
E02000030,0.06077348066298342,181,11,0.21739130434782608,184,40
E02000031,0.1116751269035533,197,22,0.19875776397515527,161,32
E02000032,0.09053497942386832,243,22,0.1362126245847176,301,41
E02000033,0.12274368231046931,277,34,0.19771863117870722,263,52
E02000034,0.06756756756756757,296,20,0.1875,224,42
E02000035,0.10176991150442478,226,23,0.189873417721519,158,30
E02000036,0.1284153005464481,366,47,0.23492063492063492,315,74
E02000037,0.10344827586206896,261,27,0.14551083591331268,323,47
E02000038,0.11313868613138686,274,31,0.18220338983050846,236,43
E02000039,0.08108108108108109,148,12,0.18309859154929578,142,26
E02000040,0.12903225806451613,248,32,0.16908212560386474,207,35
E02000041,0.108,250,27,0.2032520325203252,246,50
E02000042,0.10377358490566038,318,33,0.18220338983050846,236,43
E02000043,0.05190311418685121,289,15,0.12105263157894737,190,23
E02000044,0.1282051282051282,312,40,0.21138211382113822,246,52
E02000045,0.10893854748603352,358,39,0.21212121212121213,330,70
E02000046,0.06532663316582915,199,13,0.13380281690140844,142,19
E02000047,0.1197339246119734,451,54,0.2512690355329949,394,99
E02000048,0.0851063829787234,282,24,0.14342629482071714,251,36
E02000049,0.1353211009174312,436,59,0.28405797101449276,345,98
E02000050,0.09243697478991597,357,33,0.2,300,60
E02000051,0.0898876404494382,178,16,0.13114754098360656,183,24
E02000052,0.06529209621993128,291,19,0.16748768472906403,203,34
E02000053,0.10967741935483871,310,34,0.23737373737373738,198,47
E02000054,0.09444444444444444,180,17,0.22857142857142856,175,40
E02000055,0.057692307692307696,312,18,0.17180616740088106,227,39
E02000056,0.05913978494623656,186,11,0.11267605633802817,142,16
E02000057,0.07951070336391437,327,26,0.15384615384615385,208,32
E02000058,0.057692307692307696,312,18,0.14847161572052403,229,34
E02000059,0.1,300,30,0.18699186991869918,246,46
E02000060,0.08719346049046321,367,32,0.14743589743589744,312,46
E02000061,0.08620689655172414,116,10,0.0851063829787234,94,8
E02000062,0.12195121951219512,205,25,0.19895287958115182,191,38
E02000063,0.11961722488038277,209,25,0.1907514450867052,173,33
E02000064,0.15263157894736842,190,29,0.18032786885245902,122,22
E02000065,0.1797752808988764,534,96,0.2756756756756757,370,102
E02000066,0.13346228239845262,517,69,0.26520681265206814,411,109
E02000067,0.11312217194570136,442,50,0.26605504587155965,327,87
E02000068,0.1346153846153846,416,56,0.2902097902097902,286,83
E02000069,0.1324200913242009,219,29,0.34065934065934067,182,62
E02000070,0.16216216216216217,259,42,0.22317596566523606,233,52
E02000071,0.0944055944055944,286,27,0.2491349480968858,289,72
E02000072,0.15097159940209268,669,101,0.23093681917211328,459,106
E02000073,0.0938337801608579,373,35,0.23134328358208955,402,93
E02000074,0.1032258064516129,310,32,0.28205128205128205,273,77
E02000075,0.06060606060606061,264,16,0.19047619047619047,231,44
E02000077,0.09712230215827339,278,27,0.22972972972972974,296,68
E02000078,0.09019607843137255,255,23,0.21774193548387097,248,54
E02000079,0.09811320754716982,265,26,0.12690355329949238,197,25
E02000080,0.12218649517684887,311,38,0.2565789473684211,304,78
E02000081,0.10227272727272728,264,27,0.273542600896861,223,61
E02000082,0.08771929824561403,285,25,0.22142857142857142,280,62
E02000083,0.10327455919395466,397,41,0.18404907975460122,326,60
E02000084,0.09302325581395349,344,32,0.155893536121673,263,41
E02000085,0.12142857142857143,280,34,0.19696969696969696,198,39
E02000086,0.07555555555555556,225,17,0.20465116279069767,215,44
E02000087,0.08962264150943396,212,19,0.14349775784753363,223,32
E02000088,0.1,250,25,0.20869565217391303,115,24
E02000089,0.08196721311475409,244,20,0.18007662835249041,261,47
E02000090,0.10843373493975904,249,27,0.15789473684210525,152,24
E02000091,0.09701492537313433,268,26,0.2081447963800905,221,46
E02000092,0.16666666666666666,264,44,0.28217821782178215,202,57
E02000093,0.09749303621169916,359,35,0.20723684210526316,304,63
E02000094,0.12312312312312312,333,41,0.2357142857142857,280,66
E02000095,0.08408408408408409,333,28,0.23214285714285715,280,65
E02000096,0.043478260869565216,184,8,0.1853932584269663,178,33
E02000097,0.09152542372881356,295,27,0.22972972972972974,296,68
E02000098,0.09523809523809523,252,24,0.25,260,65
E02000099,0.13761467889908258,327,45,0.23648648648648649,296,70
E02000100,0.10407239819004525,221,23,0.21524663677130046,223,48
E02000101,0.112565445026178,382,43,0.26223776223776224,286,75
E02000102,0.14488636363636365,352,51,0.21652421652421652,351,76
E02000103,0.13595166163141995,331,45,0.21921921921921922,333,73
E02000104,0.11616161616161616,198,23,0.2413793103448276,174,42
E02000105,0.11400651465798045,307,35,0.23628691983122363,237,56
E02000106,0.14425427872860636,409,59,0.30434782608695654,345,105
E02000107,0.12302839116719243,317,39,0.1981981981981982,222,44
E02000108,0.1072961373390558,233,25,0.24186046511627907,215,52
E02000109,0.12571428571428572,350,44,0.2746478873239437,284,78
E02000110,0.14646464646464646,198,29,0.23333333333333334,180,42
E02000111,0.07772020725388601,386,30,0.22039473684210525,304,67
E02000112,0.1393188854489164,323,45,0.25830258302583026,271,70
E02000113,0.18722466960352424,454,85,0.27403846153846156,416,114
E02000114,0.12686567164179105,268,34,0.27751196172248804,209,58
E02000115,0.13157894736842105,190,25,0.2900763358778626,131,38
E02000116,0.1550632911392405,316,49,0.24,275,66
E02000117,0.16485507246376813,552,91,0.28270042194092826,474,134
E02000118,0.08985507246376812,345,31,0.19375,320,62
E02000119,0.14794520547945206,365,54,0.25308641975308643,324,82
E02000120,0.07450980392156863,255,19,0.2054794520547945,146,30
E02000121,0.08235294117647059,340,28,0.18412698412698414,315,58
E02000122,0.085,200,17,0.20418848167539266,191,39
E02000123,0.12982998454404945,647,84,0.310546875,512,159
E02000124,0.08372093023255814,215,18,0.1782178217821782,202,36
E02000125,0.12275449101796407,334,41,0.18218623481781376,247,45
E02000126,0.1601423487544484,281,45,0.2833333333333333,300,85
E02000127,0.12228260869565218,368,45,0.23270440251572327,318,74
E02000128,0.06405693950177936,281,18,0.14864864864864866,222,33
E02000130,0.06692913385826772,254,17,0.2107843137254902,204,43
E02000131,0.06228373702422145,289,18,0.24324324324324326,185,45
E02000132,0.10810810810810811,222,24,0.16071428571428573,112,18
E02000133,0.05581395348837209,215,12,0.13548387096774195,155,21
E02000134,0.07038123167155426,341,24,0.12105263157894737,190,23
E02000135,0.1564102564102564,390,61,0.27884615384615385,312,87
E02000136,0.09859154929577464,142,14,0.15789473684210525,133,21
E02000137,0.057971014492753624,207,12,0.1271186440677966,118,15
E02000138,0.06857142857142857,175,12,0.11214953271028037,107,12
E02000139,0.058394160583941604,274,16,0.14705882352941177,170,25
E02000140,0.10136986301369863,365,37,0.21036585365853658,328,69
E02000141,0.09448818897637795,254,24,0.21978021978021978,182,40
E02000142,0.06227106227106227,273,17,0.1145374449339207,227,26
E02000144,0.05319148936170213,282,15,0.18579234972677597,183,34
E02000145,0.08536585365853659,410,35,0.24333333333333335,300,73
E02000146,0.06857142857142857,350,24,0.17903930131004367,229,41
E02000147,0.037037037037037035,216,8,0.11068702290076336,262,29
E02000148,0.0782122905027933,179,14,0.10909090909090909,165,18
E02000149,0.06752411575562701,311,21,0.19305019305019305,259,50
E02000150,0.047619047619047616,252,12,0.13804713804713806,297,41
E02000151,0.05964912280701754,285,17,0.0915032679738562,153,14
E02000152,0.11538461538461539,260,30,0.14583333333333334,240,35
E02000153,0.07342657342657342,286,21,0.10932475884244373,311,34
E02000154,0.06854838709677419,248,17,0.11224489795918367,196,22
E02000155,0.1069182389937107,159,17,0.18888888888888888,180,34
E02000156,0.06923076923076923,390,27,0.13387978142076504,366,49
E02000157,0.04054054054054054,222,9,0.13309352517985612,278,37
E02000158,0.0945945945945946,296,28,0.20973782771535582,267,56
E02000159,0.0963855421686747,166,16,0.18719211822660098,203,38
E02000160,0.0784313725490196,255,20,0.10526315789473684,304,32
E02000161,0.04983388704318937,301,15,0.11231884057971014,276,31
E02000162,0.05855855855855856,222,13,0.18095238095238095,210,38
E02000163,0.03389830508474576,236,8,0.12217194570135746,221,27
E02000165,0.08727272727272728,275,24,0.13191489361702127,235,31
E02000166,0.055865921787709494,179,10,0.1524390243902439,164,25
E02000167,s,95,s,s,53,s
E02000168,0.0546218487394958,238,13,0.14035087719298245,171,24
E02000169,s,88,s,s,42,s
E02000170,s,144,s,0.1262135922330097,103,13
E02000171,0.08092485549132948,173,14,0.19594594594594594,148,29
E02000172,0.11041009463722397,317,35,0.258160237388724,337,87
E02000173,0.06,100,6,s,55,s
E02000174,0.08878504672897196,214,19,0.19658119658119658,234,46
E02000175,0.06321839080459771,174,11,0.18110236220472442,127,23
E02000176,s,44,s,s,28,s
E02000177,0.136,250,34,0.2529182879377432,257,65
E02000178,0.11330049261083744,203,23,0.2485207100591716,169,42
E02000179,0.10067114093959731,149,15,0.18181818181818182,154,28
E02000180,0.06666666666666667,195,13,0.20930232558139536,172,36
E02000181,0.15384615384615385,117,18,0.2087912087912088,91,19
E02000182,0.12,125,15,0.20588235294117646,102,21
E02000183,0.128,125,16,0.12605042016806722,119,15
E02000184,0.09205020920502092,239,22,0.24,225,54
E02000185,0.12040133779264214,299,36,0.22088353413654618,249,55
E02000186,0.10091743119266056,109,11,0.11764705882352941,85,10
E02000187,0.1411042944785276,326,46,0.25396825396825395,315,80
E02000188,0.13537117903930132,229,31,0.2900763358778626,262,76
E02000189,0.13157894736842105,114,15,0.23333333333333334,120,28
E02000190,0.0625,112,7,0.21739130434782608,115,25
E02000191,0.1896551724137931,58,11,s,46,s
E02000192,0.06770833333333333,192,13,0.23595505617977527,178,42
E02000193,0.1388888888888889,72,10,0.2878787878787879,66,19
E02000194,0.1125,320,36,0.22459893048128343,187,42
E02000195,0.08791208791208792,273,24,0.19591836734693877,245,48
E02000196,0.095,200,19,0.28110599078341014,217,61
E02000197,0.13450292397660818,342,46,0.2152777777777778,288,62
E02000198,0.12839506172839507,405,52,0.2953020134228188,298,88
E02000199,0.1366906474820144,278,38,0.27755102040816326,245,68
E02000200,0.11195928753180662,393,44,0.25092250922509224,271,68
E02000201,0.11751662971175167,451,53,0.22658610271903323,331,75
E02000202,0.15204678362573099,342,52,0.237012987012987,308,73
E02000203,0.12211221122112212,303,37,0.27927927927927926,222,62
E02000204,0.1309192200557103,359,47,0.2724358974358974,312,85
E02000206,0.12751677852348994,447,57,0.26153846153846155,325,85
E02000207,0.14338235294117646,272,39,0.27007299270072993,274,74
E02000208,0.14056224899598393,498,70,0.23511904761904762,336,79
E02000209,0.11369509043927649,387,44,0.22562674094707522,359,81
E02000210,0.08035714285714286,336,27,0.22692307692307692,260,59
E02000211,0.07476635514018691,214,16,0.14948453608247422,194,29
E02000212,0.10336538461538461,416,43,0.2782874617737003,327,91
E02000213,0.15,420,63,0.2656826568265683,271,72
E02000214,0.08620689655172414,174,15,0.17543859649122806,171,30
E02000215,0.1238390092879257,323,40,0.2147239263803681,163,35
E02000216,0.0967741935483871,217,21,0.211864406779661,118,25
E02000217,0.11586901763224182,397,46,0.2209737827715356,267,59
E02000218,0.10437710437710437,297,31,0.23529411764705882,255,60
E02000219,0.08843537414965986,147,13,0.21518987341772153,158,34
E02000220,0.10793650793650794,315,34,0.22,150,33
E02000221,0.10427807486631016,374,39,0.20597014925373133,335,69
E02000222,0.09689922480620156,258,25,0.16326530612244897,147,24
E02000223,0.13893653516295026,583,81,0.23694779116465864,498,118
E02000224,0.07446808510638298,282,21,0.2122905027932961,179,38
E02000225,0.10599078341013825,217,23,0.27155172413793105,232,63
E02000226,0.09352517985611511,139,13,0.17880794701986755,151,27
E02000227,0.10610079575596817,377,40,0.1540785498489426,331,51
E02000228,0.057971014492753624,207,12,0.14444444444444443,180,26
E02000229,0.12171052631578948,304,37,0.2926829268292683,246,72
E02000230,0.0735930735930736,231,17,0.14468085106382977,235,34
E02000231,0.1079136690647482,139,15,0.16352201257861634,159,26
E02000232,0.0949367088607595,158,15,0.12626262626262627,198,25
E02000233,0.05737704918032787,244,14,0.09523809523809523,189,18
E02000234,0.07011070110701106,271,19,0.21982758620689655,232,51
E02000235,0.06842105263157895,190,13,0.15706806282722513,191,30
E02000236,0.0846774193548387,248,21,0.2054263565891473,258,53
E02000237,0.09130434782608696,230,21,0.16355140186915887,214,35
E02000238,0.08986175115207373,434,39,0.2471590909090909,352,87
E02000239,0.09206349206349207,315,29,0.2620689655172414,290,76
E02000240,0.11553030303030302,528,61,0.2494172494172494,429,107
E02000241,0.12156862745098039,255,31,0.26842105263157895,190,51
E02000242,0.14084507042253522,284,40,0.26609442060085836,233,62
E02000243,0.08426966292134831,356,30,0.21071428571428572,280,59
E02000244,0.10034602076124567,289,29,0.22727272727272727,220,50
E02000245,0.1345707656612529,431,58,0.23322683706070288,313,73
E02000246,0.13768115942028986,414,57,0.20498614958448755,361,74
E02000247,0.14545454545454545,550,80,0.25252525252525254,396,100
E02000248,0.07960199004975124,201,16,0.22929936305732485,157,36
E02000249,0.11297071129707113,239,27,0.21739130434782608,161,35
E02000250,0.06611570247933884,242,16,0.10909090909090909,165,18
E02000251,0.1624203821656051,314,51,0.256140350877193,285,73
E02000252,0.1465798045602606,307,45,0.23478260869565218,230,54
E02000253,0.12441314553990611,426,53,0.21683673469387754,392,85
E02000254,0.11924119241192412,369,44,0.2323529411764706,340,79
E02000255,0.1235632183908046,348,43,0.17985611510791366,278,50
E02000256,s,146,s,0.16083916083916083,143,23
E02000257,0.06,250,15,0.1590909090909091,132,21
E02000258,0.12,200,24,0.16981132075471697,159,27
E02000259,0.08368200836820083,239,20,0.1791044776119403,201,36
E02000260,0.11420612813370473,359,41,0.21554770318021202,283,61
E02000261,0.08908045977011494,348,31,0.2751677852348993,298,82
E02000262,0.09931506849315068,292,29,0.20535714285714285,224,46
E02000263,0.14766355140186915,535,79,0.23958333333333334,480,115
E02000264,0.12244897959183673,147,18,0.2564102564102564,117,30
E02000265,0.11398963730569948,386,44,0.26804123711340205,291,78
E02000266,0.1443661971830986,568,82,0.23115577889447236,597,138
E02000267,0.08943089430894309,369,33,0.233502538071066,197,46
E02000268,0.09047619047619047,210,19,0.18562874251497005,167,31
E02000269,0.05647840531561462,301,17,0.10734463276836158,177,19
E02000270,0.11924119241192412,369,44,0.27335640138408307,289,79
E02000271,s,115,s,0.13846153846153847,65,9
E02000272,0.0898876404494382,267,24,0.11764705882352941,204,24
E02000274,0.14969135802469136,648,97,0.2438095238095238,525,128
E02000275,0.10661764705882353,272,29,0.228310502283105,219,50
E02000276,0.041237113402061855,291,12,0.16417910447761194,134,22
E02000277,0.17959183673469387,245,44,0.26422764227642276,246,65
E02000278,0.1482758620689655,290,43,0.26334519572953735,281,74
E02000279,0.1494057724957555,589,88,0.2647058823529412,510,135
E02000280,0.09872611464968153,314,31,0.22761194029850745,268,61
E02000281,0.1414141414141414,396,56,0.2491103202846975,281,70
E02000282,0.12871287128712872,404,52,0.28083989501312334,381,107
E02000283,0.1721311475409836,366,63,0.27371273712737126,369,101
E02000284,0.06811145510835913,323,22,0.22072072072072071,222,49
E02000285,0.1477832512315271,203,30,0.20100502512562815,199,40
E02000286,0.08585858585858586,198,17,0.147239263803681,163,24
E02000287,0.08843537414965986,147,13,0.22608695652173913,115,26
E02000288,0.1452991452991453,585,85,0.24153498871331827,443,107
E02000289,0.09230769230769231,195,18,0.20574162679425836,209,43
E02000290,0.14588859416445624,377,55,0.3118279569892473,279,87
E02000291,0.1408839779005525,362,51,0.2554112554112554,231,59
E02000292,0.11805555555555555,288,34,0.23666666666666666,300,71
E02000293,0.04093567251461988,171,7,0.13836477987421383,159,22
E02000294,0.1523545706371191,361,55,0.2519893899204244,377,95
E02000295,0.09785932721712538,327,32,0.18723404255319148,235,44
E02000296,0.10149253731343283,335,34,0.1832797427652733,311,57
E02000297,0.12403100775193798,258,32,0.17410714285714285,224,39
E02000298,0.04291845493562232,233,10,0.14634146341463414,164,24
E02000299,0.12525667351129363,487,61,0.24641148325358853,418,103
E02000300,0.13774104683195593,363,50,0.24752475247524752,303,75
E02000301,0.1306930693069307,505,66,0.27539503386004516,443,122
E02000302,0.10726643598615918,289,31,0.2608695652173913,207,54
E02000303,0.16045845272206305,349,56,0.2845744680851064,376,107
E02000304,0.08085106382978724,235,19,0.165,200,33
E02000305,0.06944444444444445,288,20,0.1658291457286432,199,33
E02000306,0.1879049676025918,463,87,0.3161764705882353,408,129
E02000307,0.15384615384615385,390,60,0.25824175824175827,364,94
E02000308,0.1111111111111111,288,32,0.21621621621621623,222,48
E02000309,0.14444444444444443,540,78,0.25552825552825553,407,104
E02000311,0.12041884816753927,382,46,0.2768729641693811,307,85
E02000312,0.0695364238410596,302,21,0.21266968325791855,221,47
E02000313,0.16666666666666666,408,68,0.2689393939393939,264,71
E02000314,0.16932907348242812,939,159,0.2984014209591474,563,168
E02000315,0.17190388170055454,541,93,0.28921568627450983,408,118
E02000316,0.16576086956521738,368,61,0.2229965156794425,287,64
E02000317,0.1444954128440367,436,63,0.2577639751552795,322,83
E02000318,0.15254237288135594,413,63,0.24251497005988024,334,81
E02000319,0.12340425531914893,470,58,0.24271844660194175,309,75
E02000320,0.15759312320916904,349,55,0.28512396694214875,242,69
E02000321,0.16434540389972144,359,59,0.252,250,63
E02000323,0.15,560,84,0.2654639175257732,388,103
E02000324,0.13043478260869565,299,39,0.29365079365079366,252,74
E02000326,0.12658227848101267,316,40,0.22023809523809523,168,37
E02000327,0.12269938650306748,326,40,0.265625,256,68
E02000328,0.05,140,7,0.1926605504587156,109,21
E02000329,0.11864406779661017,236,28,0.24083769633507854,191,46
E02000331,0.13,300,39,0.25,228,57
E02000332,0.1357142857142857,280,38,0.21359223300970873,206,44
E02000333,0.08870967741935484,124,11,0.2608695652173913,69,18
E02000334,0.08438818565400844,237,20,0.23115577889447236,199,46
E02000335,0.06572769953051644,213,14,0.17553191489361702,188,33
E02000337,0.1268882175226586,331,42,0.22924901185770752,253,58
E02000339,0.07,200,14,0.1437125748502994,167,24
E02000340,0.12213740458015267,131,16,0.22033898305084745,118,26
E02000341,0.14204545454545456,352,50,0.2668918918918919,296,79
E02000342,0.1210762331838565,223,27,0.2597402597402597,154,40
E02000343,0.12682926829268293,205,26,0.2,190,38
E02000344,0.08152173913043478,184,15,0.23863636363636365,176,42
E02000345,0.12389380530973451,113,14,0.22608695652173913,115,26
E02000346,0.22535211267605634,213,48,0.3520408163265306,196,69
E02000347,0.14482758620689656,145,21,0.22549019607843138,102,23
E02000348,0.13304721030042918,233,31,0.28313253012048195,166,47
E02000350,0.088,250,22,0.20430107526881722,186,38
E02000351,0.10989010989010989,182,20,0.2653061224489796,147,39
E02000352,0.08287292817679558,181,15,0.22758620689655173,145,33
E02000353,0.08108108108108109,259,21,0.20212765957446807,188,38
E02000354,0.11080332409972299,361,40,0.25773195876288657,291,75
E02000355,0.05985915492957746,284,17,0.16990291262135923,206,35
E02000356,0.07468879668049792,241,18,0.11707317073170732,205,24
E02000357,0.16293929712460065,313,51,0.2805755395683453,278,78
E02000358,0.1305732484076433,314,41,0.27547169811320754,265,73
E02000359,0.125,256,32,0.22119815668202766,217,48
E02000360,0.14385150812064965,431,62,0.2849604221635884,379,108
E02000361,0.19523809523809524,210,41,0.2787878787878788,165,46
E02000362,0.1643835616438356,219,36,0.3037383177570093,214,65
E02000363,0.14759535655058043,603,89,0.26597938144329897,485,129
E02000364,0.10631229235880399,301,32,0.1992619926199262,271,54
E02000365,0.13551401869158877,214,29,0.2594594594594595,185,48
E02000366,0.1610738255033557,298,48,0.26778242677824265,239,64
E02000367,0.1467065868263473,334,49,0.28512396694214875,242,69
E02000368,0.10264900662251655,302,31,0.2618296529968454,317,83
E02000369,0.14786967418546365,399,59,0.32068965517241377,290,93
E02000370,0.1282051282051282,234,30,0.24017467248908297,229,55
E02000371,0.17647058823529413,289,51,0.31932773109243695,238,76
E02000372,0.12804878048780488,328,42,0.21843003412969283,293,64
E02000373,0.11320754716981132,318,36,0.26785714285714285,280,75
E02000374,0.09042553191489362,188,17,0.3076923076923077,156,48
E02000375,0.1,200,20,0.26,150,39
E02000376,0.1069182389937107,159,17,0.2948717948717949,156,46
E02000377,0.07853403141361257,191,15,0.20118343195266272,169,34
E02000378,0.06818181818181818,132,9,0.1919191919191919,99,19
E02000379,0.11822660098522167,203,24,0.17567567567567569,148,26
E02000380,0.03867403314917127,181,7,0.205607476635514,107,22
E02000381,0.04790419161676647,167,8,0.22340425531914893,94,21
E02000382,0.0851063829787234,188,16,0.16153846153846155,130,21
E02000383,0.15079365079365079,126,19,0.3125,112,35
E02000384,0.12162162162162163,148,18,0.22162162162162163,185,41
E02000385,s,64,s,0.18518518518518517,54,10
E02000386,0.08403361344537816,238,20,0.2608695652173913,207,54
E02000387,0.11764705882352941,119,14,0.2248062015503876,129,29
E02000388,0.0847457627118644,118,10,0.19101123595505617,89,17
E02000389,0.10828025477707007,157,17,0.14444444444444443,90,13
E02000390,0.07692307692307693,104,8,0.22105263157894736,95,21
E02000391,0.1232876712328767,73,9,0.25757575757575757,66,17
E02000392,0.1347517730496454,141,19,0.2571428571428571,140,36
E02000393,0.125,72,9,s,52,s
E02000394,0.13736263736263737,182,25,0.2781456953642384,151,42
E02000395,s,53,s,s,29,s
E02000396,0.1388888888888889,180,25,0.2619047619047619,126,33
E02000397,0.13025210084033614,238,31,0.21637426900584794,171,37
E02000398,0.2,325,65,0.26811594202898553,276,74
E02000400,0.06296296296296296,270,17,0.20920502092050208,239,50
E02000401,0.1608695652173913,230,37,0.2527881040892193,269,68
E02000402,0.16226415094339622,265,43,0.2852112676056338,284,81
E02000403,0.11682242990654206,214,25,0.22580645161290322,124,28
E02000404,0.12301587301587301,252,31,0.24,225,54
E02000405,0.04782608695652174,230,11,0.09844559585492228,193,19
E02000406,0.14479638009049775,221,32,0.3485714285714286,175,61
E02000407,0.14534883720930233,344,50,0.28512396694214875,242,69
E02000408,0.15718157181571815,369,58,0.28040540540540543,296,83
E02000409,0.17,200,34,0.29596412556053814,223,66
E02000410,s,191,s,0.07142857142857142,196,14
E02000411,0.17272727272727273,330,57,0.2958199356913183,311,92
E02000412,0.13812154696132597,181,25,0.271523178807947,151,41
E02000413,0.05198776758409786,327,17,0.10526315789473684,304,32
E02000414,0.15151515151515152,231,35,0.24056603773584906,212,51
E02000415,0.10849056603773585,212,23,0.2229299363057325,157,35
E02000416,0.08450704225352113,213,18,0.19230769230769232,208,40
E02000417,s,141,s,0.08461538461538462,130,11
E02000418,0.03867403314917127,181,7,0.1366906474820144,139,19
E02000419,0.0945945945945946,222,21,0.19852941176470587,136,27
E02000420,0.156,250,39,0.3128491620111732,179,56
E02000421,0.1220472440944882,254,31,0.2616822429906542,214,56
E02000422,0.10646387832699619,263,28,0.2803347280334728,239,67
E02000423,0.11695906432748537,171,20,0.2653061224489796,98,26
E02000424,0.05339805825242718,206,11,0.11764705882352941,170,20
E02000425,0.13333333333333333,135,18,0.2366412213740458,131,31
E02000426,0.04697986577181208,149,7,0.14432989690721648,97,14
E02000427,0.059113300492610835,203,12,0.2978723404255319,141,42
E02000428,0.1,250,25,0.33183856502242154,223,74
E02000429,0.03208556149732621,187,6,0.08,100,8
E02000430,0.030612244897959183,196,6,0.1328125,128,17
E02000431,s,109,s,0.13043478260869565,69,9
E02000432,0.07042253521126761,142,10,0.2421875,128,31
E02000433,0.1015625,128,13,0.13675213675213677,117,16
E02000434,0.13675213675213677,234,32,0.20812182741116753,197,41
E02000435,0.095,200,19,0.17766497461928935,197,35
E02000436,0.06766917293233082,133,9,0.21238938053097345,113,24
E02000437,0.10740740740740741,270,29,0.18222222222222223,225,41
E02000438,0.11467889908256881,218,25,0.24509803921568626,204,50
E02000439,0.11212121212121212,330,37,0.22380952380952382,210,47
E02000440,0.07,300,21,0.1694915254237288,295,50
E02000441,0.09210526315789473,152,14,0.14,150,21
E02000442,0.11392405063291139,316,36,0.22992700729927007,274,63
E02000443,0.11170212765957446,376,42,0.23026315789473684,304,70
E02000444,0.09375,288,27,0.18532818532818532,259,48
E02000445,0.1261682242990654,428,54,0.26582278481012656,316,84
E02000447,0.061224489795918366,196,12,0.19428571428571428,175,34
E02000448,0.09770114942528736,174,17,0.1527777777777778,144,22
E02000449,0.1044776119402985,268,28,0.22641509433962265,265,60
E02000451,0.05421686746987952,166,9,0.15384615384615385,169,26
E02000452,0.09061488673139159,309,28,0.17391304347826086,207,36
E02000453,0.08,225,18,0.20526315789473684,190,39
E02000454,0.056338028169014086,284,16,0.13333333333333333,180,24
E02000455,0.11739130434782609,230,27,0.23134328358208955,134,31
E02000456,0.06965174129353234,201,14,0.20670391061452514,179,37
E02000457,0.06349206349206349,189,12,0.18857142857142858,175,33
E02000459,0.12202380952380952,336,41,0.27615062761506276,239,66
E02000460,0.07835820895522388,268,21,0.20416666666666666,240,49
E02000461,0.08904109589041095,146,13,0.22340425531914893,94,21
E02000462,0.10043668122270742,229,23,0.24630541871921183,203,50
E02000463,0.08414239482200647,309,26,0.19256756756756757,296,57
E02000464,0.12109375,256,31,0.23553719008264462,242,57
E02000465,0.12037037037037036,324,39,0.20306513409961685,261,53
E02000466,0.0943952802359882,339,32,0.21933085501858737,269,59
E02000467,0.15835140997830802,461,73,0.23703703703703705,405,96
E02000468,0.0945945945945946,296,28,0.23018867924528302,265,61
E02000469,0.10902255639097744,266,29,0.2193877551020408,196,43
E02000470,0.07555555555555556,225,17,0.15979381443298968,194,31
E02000471,0.07462686567164178,201,15,0.12322274881516587,211,26
E02000472,0.10465116279069768,344,36,0.1724137931034483,261,45
E02000473,0.10126582278481013,316,32,0.20774647887323944,284,59
E02000474,0.10355029585798817,338,35,0.2157676348547718,241,52
E02000475,0.1111111111111111,279,31,0.22169811320754718,212,47
E02000476,0.09415584415584416,308,29,0.20634920634920634,189,39
E02000477,0.0802675585284281,299,24,0.16666666666666666,288,48
E02000478,0.0898876404494382,89,8,0.17543859649122806,114,20
E02000479,0.10508474576271186,295,31,0.23555555555555555,225,53
E02000480,0.08020050125313283,399,32,0.1912751677852349,298,57
E02000481,0.07960199004975124,201,16,0.2024793388429752,242,49
E02000482,0.06936416184971098,173,12,0.16666666666666666,210,35
E02000483,0.11009174311926606,218,24,0.16267942583732056,209,34
E02000484,0.038314176245210725,261,10,0.2,225,45
E02000485,0.10486891385767791,267,28,0.2048780487804878,205,42
E02000486,0.13297872340425532,188,25,0.1875,208,39
E02000487,0.06572769953051644,213,14,0.11857707509881422,253,30
E02000488,0.12037037037037036,216,26,0.17318435754189945,179,31
E02000489,0.10505836575875487,257,27,0.2073170731707317,246,51
E02000490,0.11244979919678715,249,28,0.2619047619047619,252,66
E02000491,0.11813186813186813,364,43,0.22364217252396165,313,70
E02000492,0.13227513227513227,189,25,0.22981366459627328,161,37
E02000493,0.13805970149253732,268,37,0.24669603524229075,227,56
E02000494,0.047619047619047616,126,6,0.13541666666666666,96,13
E02000495,0.06713780918727916,283,19,0.19339622641509435,212,41
E02000496,0.10034602076124567,289,29,0.185,200,37
E02000497,0.07348242811501597,313,23,0.17551020408163265,245,43
E02000498,0.05855855855855856,222,13,0.1377245508982036,167,23
E02000499,0.07582938388625593,211,16,0.12173913043478261,230,28
E02000500,0.061224489795918366,245,15,0.1116751269035533,197,22
E02000501,0.08695652173913043,276,24,0.17391304347826086,276,48
E02000502,0.06312292358803986,301,19,0.15555555555555556,225,35
E02000503,0.0732484076433121,314,23,0.16498316498316498,297,49
E02000504,0.04905660377358491,265,13,0.0970873786407767,206,20
E02000506,0.09696969696969697,165,16,0.16585365853658537,205,34
E02000507,0.06647398843930635,346,23,0.19032258064516128,310,59
E02000508,0.07758620689655173,232,18,0.17415730337078653,178,31
E02000509,0.13333333333333333,270,36,0.2037914691943128,211,43
E02000510,0.10835913312693499,323,35,0.16423357664233576,274,45
E02000511,0.1116751269035533,394,44,0.20212765957446807,376,76
E02000512,0.11214953271028037,321,36,0.19269102990033224,301,58
E02000513,0.10669077757685352,553,59,0.2478134110787172,343,85
E02000514,0.11854684512428298,523,62,0.2647814910025707,389,103
E02000515,0.09691629955947137,454,44,0.20209059233449478,287,58
E02000516,0.10638297872340426,423,45,0.24836601307189543,306,76
E02000517,0.09922178988326848,514,51,0.22284122562674094,359,80
E02000518,0.12303664921465969,382,47,0.26479750778816197,321,85
E02000519,0.12240184757505773,433,53,0.22058823529411764,340,75
E02000520,0.0903010033444816,598,54,0.25,448,112
E02000521,0.11132075471698114,530,59,0.19950738916256158,406,81
E02000522,0.08018867924528301,424,34,0.23357664233576642,274,64
E02000523,0.09856262833675565,487,48,0.23115577889447236,398,92
E02000524,0.1091703056768559,229,25,0.28,175,49
E02000525,0.13090128755364808,466,61,0.23154362416107382,298,69
E02000526,0.04697986577181208,149,7,0.10256410256410256,117,12
E02000528,0.12903225806451613,465,60,0.2508591065292096,291,73
E02000529,0.11370262390670553,343,39,0.26755852842809363,299,80
E02000530,0.06985294117647059,272,19,0.23348017621145375,227,53
E02000531,0.09602649006622517,302,29,0.18552036199095023,221,41
E02000532,0.09130434782608696,230,21,0.18421052631578946,190,35
E02000533,0.07048458149779736,227,16,0.13286713286713286,143,19
E02000534,0.09215017064846416,293,27,0.14516129032258066,186,27
E02000535,0.10816777041942605,453,49,0.25757575757575757,396,102
E02000536,0.1339031339031339,351,47,0.24516129032258063,310,76
E02000537,0.09830508474576272,295,29,0.23115577889447236,199,46
E02000538,0.11691542288557213,402,47,0.2762237762237762,286,79
E02000539,0.1038135593220339,472,49,0.22443181818181818,352,79
E02000540,0.10256410256410256,390,40,0.188,250,47
E02000541,0.11684782608695653,368,43,0.2664359861591695,289,77
E02000542,0.09978308026030369,461,46,0.2869822485207101,338,97
E02000543,0.10986964618249534,537,59,0.21019108280254778,314,66
E02000544,0.09712230215827339,278,27,0.16260162601626016,246,40
E02000545,0.10495626822157435,343,36,0.22,250,55
E02000546,0.12761020881670534,431,55,0.2546916890080429,373,95
E02000547,0.1079136690647482,417,45,0.2947019867549669,302,89
E02000548,0.11694510739856802,419,49,0.25597269624573377,293,75
E02000549,0.15862068965517243,435,69,0.23867069486404835,331,79
E02000550,0.14901960784313725,510,76,0.23298429319371727,382,89
E02000551,0.11352657004830918,414,47,0.2861356932153392,339,97
E02000552,0.12121212121212122,396,48,0.2938775510204082,245,72
E02000553,0.16731517509727625,257,43,0.23,200,46
E02000554,0.11003236245954692,309,34,0.24896265560165975,241,60
E02000555,0.04460966542750929,269,12,0.16299559471365638,227,37
E02000556,0.08602150537634409,279,24,0.26804123711340205,194,52
E02000557,0.11650485436893204,206,24,0.15675675675675677,185,29
E02000558,0.1323943661971831,355,47,0.25830258302583026,271,70
E02000559,0.11594202898550725,276,32,0.14201183431952663,169,24
E02000560,0.09558823529411764,136,13,0.24731182795698925,93,23
E02000561,0.04854368932038835,206,10,0.11194029850746269,134,15
E02000562,0.06403940886699508,203,13,0.1864406779661017,177,33
E02000563,0.11790393013100436,229,27,0.2818181818181818,220,62
E02000564,0.12796208530805686,211,27,0.21153846153846154,208,44
E02000565,0.13135593220338984,236,31,0.27111111111111114,225,61
E02000566,0.0847457627118644,177,15,0.2152777777777778,144,31
E02000567,0.1330049261083744,203,27,0.18518518518518517,216,40
E02000568,0.11244979919678715,249,28,0.3039647577092511,227,69
E02000569,0.09965635738831616,291,29,0.2878787878787879,198,57
E02000570,0.10687022900763359,131,14,0.20535714285714285,112,23
E02000571,0.11009174311926606,218,24,0.17204301075268819,186,32
E02000572,0.14634146341463414,287,42,0.21518987341772153,237,51
E02000573,0.0379746835443038,158,6,0.24742268041237114,97,24
E02000574,0.13274336283185842,113,15,0.22522522522522523,111,25
E02000575,0.10416666666666667,240,25,0.21428571428571427,154,33
E02000576,0.13333333333333333,285,38,0.23504273504273504,234,55
E02000577,0.12931034482758622,232,30,0.19924812030075187,266,53
E02000578,0.116751269035533,197,23,0.25,200,50
E02000579,0.0967741935483871,186,18,0.16666666666666666,156,26
E02000580,0.14935064935064934,154,23,0.2318840579710145,138,32
E02000581,0.1059322033898305,236,25,0.28063241106719367,253,71
E02000582,s,56,s,s,48,s
E02000583,0.14545454545454545,55,8,0.21428571428571427,70,15
E02000584,0.0425531914893617,141,6,0.21568627450980393,51,11
E02000585,0.13402061855670103,97,13,0.15625,96,15
E02000586,s,43,s,s,35,s
E02000587,0.0660377358490566,106,7,0.23529411764705882,68,16
E02000588,s,22,s,s,25,s
E02000589,s,94,s,0.16393442622950818,61,10
E02000590,0.06382978723404255,94,6,0.1891891891891892,74,14
E02000591,s,78,s,0.18867924528301888,53,10
E02000592,s,62,s,s,34,s
E02000593,s,128,s,0.22580645161290322,62,14
E02000594,s,51,s,s,42,s
E02000595,s,37,s,s,26,s
E02000596,s,55,s,s,40,s
E02000597,0.10077519379844961,129,13,0.2158273381294964,139,30
E02000598,0.03519061583577713,341,12,0.11724137931034483,290,34
E02000599,s,109,s,0.15966386554621848,119,19
E02000600,0.0473186119873817,317,15,0.18840579710144928,207,39
E02000601,0.03468208092485549,519,18,0.12420382165605096,314,39
E02000602,0.09826589595375723,346,34,0.22058823529411764,204,45
E02000603,0.0960960960960961,333,32,0.15658362989323843,281,44
E02000604,0.06306306306306306,333,21,0.14336917562724014,279,40
E02000605,0.05090909090909091,275,14,0.104,250,26
E02000606,0.05325443786982249,169,9,0.18699186991869918,123,23
E02000607,0.034482758620689655,232,8,0.10144927536231885,138,14
E02000608,s,153,s,s,58,s
E02000609,0.07981220657276995,213,17,0.16964285714285715,224,38
E02000610,0.05405405405405406,185,10,s,104,s
E02000611,0.06513409961685823,261,17,0.12236286919831224,237,29
E02000612,0.048034934497816595,229,11,0.1483050847457627,236,35
E02000613,0.03814713896457766,367,14,0.10964912280701754,228,25
E02000614,0.0679886685552408,353,24,0.21428571428571427,308,66
E02000615,0.07272727272727272,220,16,0.21951219512195122,205,45
E02000616,0.09387755102040816,245,23,0.24431818181818182,176,43
E02000617,0.0855457227138643,339,29,0.24738675958188153,287,71
E02000619,0.1111111111111111,234,26,0.23195876288659795,194,45
E02000620,0.11904761904761904,252,30,0.25,220,55
E02000621,0.08095238095238096,210,17,0.24651162790697675,215,53
E02000622,0.11666666666666667,180,21,0.27485380116959063,171,47
E02000623,0.145985401459854,274,40,0.2610294117647059,272,71
E02000624,0.1752136752136752,234,41,0.2912621359223301,206,60
E02000625,0.12987012987012986,308,40,0.2560553633217993,289,74
E02000626,0.12944983818770225,309,40,0.2517241379310345,290,73
E02000627,0.12359550561797752,267,33,0.2814070351758794,199,56
E02000628,0.13297872340425532,376,50,0.26813880126182965,317,85
E02000629,0.08670520231213873,173,15,0.23484848484848486,132,31
E02000630,0.14074074074074075,135,19,0.23809523809523808,105,25
E02000631,0.1015625,256,26,0.15668202764976957,217,34
E02000632,0.168,125,21,0.330188679245283,106,35
E02000633,0.09926470588235294,272,27,0.2631578947368421,266,70
E02000634,0.1456953642384106,151,22,0.2671232876712329,146,39
E02000635,0.10424710424710425,259,27,0.24019607843137256,204,49
E02000636,0.0784313725490196,102,8,0.23170731707317074,82,19
E02000637,0.107981220657277,213,23,0.22857142857142856,140,32
E02000638,0.12867647058823528,272,35,0.2163265306122449,245,53
E02000639,0.17475728155339806,309,54,0.27835051546391754,291,81
E02000640,0.05944055944055944,286,17,0.23863636363636365,176,42
E02000641,0.14689265536723164,354,52,0.26345609065155806,353,93
E02000642,0.09174311926605505,327,30,0.17410714285714285,224,39
E02000643,0.14049586776859505,242,34,0.19597989949748743,199,39
E02000644,0.10801393728222997,287,31,0.18502202643171806,227,42
E02000645,0.09811320754716982,265,26,0.24571428571428572,175,43
E02000646,0.06310679611650485,206,13,0.19858156028368795,141,28
E02000647,0.09523809523809523,252,24,0.22,200,44
E02000648,0.10632183908045977,348,37,0.25316455696202533,316,80
E02000649,0.08284023668639054,338,28,0.2318181818181818,220,51
E02000650,0.12133891213389121,239,29,0.2561576354679803,203,52
E02000651,0.09848484848484848,264,26,0.19170984455958548,193,37
E02000652,0.09293680297397769,269,25,0.25384615384615383,260,66
E02000653,0.13069908814589665,329,43,0.28169014084507044,284,80
E02000654,0.13648293963254593,381,52,0.25874125874125875,286,74
E02000655,0.13584905660377358,265,36,0.27631578947368424,228,63
E02000657,0.07604562737642585,263,20,0.27184466019417475,206,56
E02000658,0.1271186440677966,236,30,0.2413793103448276,203,49
E02000659,0.11363636363636363,220,25,0.21084337349397592,166,35
E02000660,0.12980769230769232,208,27,0.23717948717948717,156,37
E02000661,0.07228915662650602,166,12,0.25,100,25
E02000662,0.103125,320,33,0.22727272727272727,220,50
E02000663,0.0594059405940594,202,12,0.28662420382165604,157,45
E02000664,0.12044817927170869,357,43,0.24892703862660945,233,58
E02000665,0.09966777408637874,301,30,0.22093023255813954,172,38
E02000666,0.08366533864541832,251,21,0.23076923076923078,182,42
E02000667,0.068,250,17,0.1949685534591195,159,31
E02000668,0.06756756756756757,222,15,0.1564245810055866,179,28
E02000669,0.11857707509881422,253,30,0.25806451612903225,155,40
E02000670,0.13861386138613863,303,42,0.19428571428571428,175,34
E02000671,0.06837606837606838,351,24,0.19689119170984457,193,38
E02000672,0.1355421686746988,332,45,0.205607476635514,214,44
E02000673,0.09302325581395349,301,28,0.15566037735849056,212,33
E02000674,0.09659090909090909,352,34,0.25,316,79
E02000675,0.08070175438596491,285,23,0.24017467248908297,229,55
E02000676,0.08250825082508251,303,25,0.22897196261682243,214,49
E02000677,0.11917098445595854,193,23,0.19491525423728814,118,23
E02000678,0.09712230215827339,278,27,0.25925925925925924,243,63
E02000679,0.11038961038961038,308,34,0.25,224,56
E02000680,0.08766233766233766,308,27,0.2916666666666667,192,56
E02000681,0.08950617283950617,324,29,0.2796934865900383,261,73
E02000682,0.14754098360655737,366,54,0.24202127659574468,376,91
E02000683,0.13438735177865613,253,34,0.24413145539906103,213,52
E02000685,0.11371237458193979,299,34,0.2784313725490196,255,71
E02000686,0.14705882352941177,340,50,0.2838983050847458,236,67
E02000687,0.09747292418772563,277,27,0.27040816326530615,196,53
E02000689,0.0410958904109589,292,12,0.1048951048951049,143,15
E02000690,s,40,s,s,31,s
E02000691,0.06358381502890173,173,11,0.14285714285714285,119,17
E02000692,s,98,s,s,28,s
E02000693,0.0778688524590164,244,19,0.1322314049586777,121,16
E02000694,0.06402439024390244,328,21,0.19047619047619047,147,28
E02000695,0.1111111111111111,279,31,0.2616822429906542,214,56
E02000696,0.11688311688311688,308,36,0.24434389140271492,221,54
E02000697,s,224,s,0.1346153846153846,156,21
E02000698,s,218,s,0.088,125,11
E02000699,s,260,s,0.056338028169014086,142,8
E02000700,0.10559006211180125,322,34,0.22448979591836735,245,55
E02000701,0.13675213675213677,351,48,0.2730496453900709,282,77
E02000702,0.15123456790123457,324,49,0.3054545454545455,275,84
E02000703,0.06896551724137931,261,18,0.10891089108910891,202,22
E02000704,0.05687203791469194,211,12,0.2073170731707317,164,34
E02000705,0.11743772241992882,281,33,0.19776119402985073,268,53
E02000706,0.13129102844638948,457,60,0.23174603174603176,315,73
E02000707,0.1226158038147139,367,45,0.26332288401253917,319,84
E02000708,0.049689440993788817,322,16,0.183206106870229,262,48
E02000709,0.04838709677419355,248,12,0.20093457943925233,214,43
E02000710,0.1271186440677966,354,45,0.2589641434262948,251,65
E02000711,0.10682492581602374,337,36,0.23508771929824562,285,67
E02000712,0.115625,320,37,0.2147239263803681,326,70
E02000713,0.10227272727272728,264,27,0.18614718614718614,231,43
E02000714,0.16715542521994134,341,57,0.2342007434944238,269,63
E02000715,0.12295081967213115,366,45,0.26666666666666666,300,80
E02000716,0.11271676300578035,346,39,0.24793388429752067,242,60
E02000717,0.1446700507614213,394,57,0.25833333333333336,360,93
E02000718,0.11734693877551021,392,46,0.2735294117647059,340,93
E02000719,0.15498154981549817,271,42,0.2815533980582524,206,58
E02000720,0.10357142857142858,280,29,0.2736318407960199,201,55
E02000721,0.13451776649746192,394,53,0.24431818181818182,352,86
E02000722,0.109375,256,28,0.2887700534759358,187,54
E02000723,0.10739856801909307,419,45,0.2521489971346705,349,88
E02000724,0.08904109589041095,438,39,0.24456521739130435,368,90
E02000725,0.06521739130434782,230,15,0.2192513368983957,187,41
E02000726,0.15,300,45,0.23776223776223776,286,68
E02000727,0.09063444108761329,331,30,0.26640926640926643,259,69
E02000728,0.11466666666666667,375,43,0.23890784982935154,293,70
E02000729,0.12186379928315412,279,34,0.1822429906542056,214,39
E02000730,0.11794871794871795,390,46,0.1865079365079365,252,47
E02000731,0.13740458015267176,393,54,0.2558139534883721,344,88
E02000732,0.11869436201780416,337,40,0.26557377049180325,305,81
E02000733,0.12359550561797752,356,44,0.29069767441860467,344,100
E02000734,0.16037735849056603,318,51,0.2518796992481203,266,67
E02000735,0.11854103343465046,329,39,0.21991701244813278,241,53
E02000736,0.07407407407407407,432,32,0.25888324873096447,394,102
E02000737,0.12648221343873517,506,64,0.2564705882352941,425,109
E02000738,0.12056737588652482,423,51,0.29508196721311475,366,108
E02000739,0.1447811447811448,297,43,0.2925764192139738,229,67
E02000740,0.10104529616724739,287,29,0.2816326530612245,245,69
E02000741,0.15211970074812967,401,61,0.2695035460992908,282,76
E02000742,0.12300683371298406,439,54,0.27089337175792505,347,94
E02000743,0.16666666666666666,384,64,0.31596091205211724,307,97
E02000744,0.15196078431372548,408,62,0.3047945205479452,292,89
E02000745,0.128686327077748,373,48,0.2348993288590604,298,70
E02000746,0.1288135593220339,295,38,0.2242152466367713,223,50
E02000747,0.15286624203821655,314,48,0.25075528700906347,331,83
E02000748,0.12580645161290321,310,39,0.20418848167539266,191,39
E02000749,0.12967581047381546,401,52,0.2878338278931751,337,97
E02000750,0.12412177985948478,427,53,0.31353135313531355,303,95
E02000751,0.0752212389380531,226,17,0.12315270935960591,203,25
E02000752,0.12286689419795221,293,36,0.2988929889298893,271,81
E02000753,0.06985294117647059,272,19,0.21991701244813278,241,53
E02000754,0.08597285067873303,221,19,0.16363636363636364,220,36
E02000755,0.10909090909090909,165,18,0.20134228187919462,149,30
E02000756,0.1130820399113082,451,51,0.2647058823529412,408,108
E02000757,0.07874015748031496,381,30,0.15602836879432624,282,44
E02000758,0.10144927536231885,207,21,0.27232142857142855,224,61
E02000759,0.08935361216730038,526,47,0.2128146453089245,437,93
E02000760,0.09540636042402827,283,27,0.25517241379310346,290,74
E02000762,0.0782122905027933,179,14,0.255,200,51
E02000763,0.12857142857142856,280,36,0.21245421245421245,273,58
E02000764,0.05555555555555555,288,16,0.13793103448275862,203,28
E02000765,0.07441860465116279,215,16,0.17937219730941703,223,40
E02000767,0.10104529616724739,287,29,0.21621621621621623,259,56
E02000768,0.11386138613861387,202,23,0.22580645161290322,124,28
E02000769,0.13566433566433567,715,97,0.27387387387387385,555,152
E02000770,0.12063492063492064,315,38,0.19618528610354224,367,72
E02000772,0.10385756676557864,337,35,0.2530487804878049,328,83
E02000773,0.1712846347607053,397,68,0.2471131639722864,433,107
E02000774,0.07232704402515723,318,23,0.27,300,81
E02000776,0.09061488673139159,309,28,0.2330508474576271,236,55
E02000777,0.07537688442211055,199,15,0.1595744680851064,188,30
E02000779,0.10335195530726257,358,37,0.25925925925925924,216,56
E02000780,0.10935441370223979,759,83,0.20875420875420875,594,124
E02000781,0.12627986348122866,586,74,0.23118279569892472,558,129
E02000782,0.1092436974789916,476,52,0.2689295039164491,383,103
E02000783,0.13031161473087818,353,46,0.24307692307692308,325,79
E02000784,0.04819277108433735,166,8,0.14655172413793102,116,17
E02000785,0.046296296296296294,216,10,0.07142857142857142,140,10
E02000786,0.052763819095477386,398,21,0.11330049261083744,203,23
E02000787,0.04371584699453552,366,16,0.1444866920152091,263,38
E02000788,0.047752808988764044,356,17,0.09302325581395349,215,20
E02000789,0.052941176470588235,170,9,0.13402061855670103,97,13
E02000790,0.029914529914529916,234,7,0.08148148148148149,135,11
E02000791,0.048,125,6,s,66,s
E02000792,0.03888888888888889,180,7,s,132,s
E02000793,0.10181818181818182,275,28,0.14912280701754385,228,34
E02000794,0.05263157894736842,247,13,0.10588235294117647,170,18
E02000795,0.031413612565445025,191,6,0.09154929577464789,142,13
E02000796,0.0958904109589041,365,35,0.18885448916408668,323,61
E02000797,0.04081632653061224,245,10,0.14166666666666666,120,17
E02000798,0.05274725274725275,455,24,0.10803324099722991,361,39
E02000799,0.06060606060606061,165,10,0.05714285714285714,140,8
E02000800,0.056179775280898875,178,10,0.13548387096774195,155,21
E02000801,0.051181102362204724,254,13,0.09554140127388536,157,15
E02000802,0.064,250,16,0.07103825136612021,183,13
E02000803,0.0777027027027027,296,23,0.19742489270386265,233,46
E02000804,0.07630522088353414,249,19,0.0625,192,12
E02000805,0.06361323155216285,393,25,0.10144927536231885,276,28
E02000806,0.05263157894736842,342,18,0.14583333333333334,192,28
E02000807,0.09395973154362416,149,14,0.19626168224299065,107,21
E02000808,0.1301775147928994,169,22,0.17757009345794392,107,19
E02000809,0.14814814814814814,135,20,0.25984251968503935,127,33
E02000810,0.10727969348659004,261,28,0.27522935779816515,218,60
E02000812,0.12393162393162394,234,29,0.22321428571428573,224,50
E02000813,0.10139860139860139,286,29,0.30303030303030304,198,60
E02000814,0.07936507936507936,126,10,0.2689075630252101,119,32
E02000815,0.12280701754385964,171,21,0.22641509433962265,106,24
E02000816,0.12915129151291513,271,35,0.25853658536585367,205,53
E02000817,0.12149532710280374,214,26,0.33727810650887574,169,57
E02000818,0.18226600985221675,203,37,0.3621621621621622,185,67
E02000819,0.10434782608695652,230,24,0.3333333333333333,231,77
E02000820,0.12903225806451613,217,28,0.25471698113207547,212,54
E02000821,0.17261904761904762,336,58,0.3287671232876712,292,96
E02000822,0.20238095238095238,336,68,0.28991596638655465,238,69
E02000823,0.14112903225806453,248,35,0.30414746543778803,217,66
E02000824,0.13702623906705538,343,47,0.28969359331476324,359,104
E02000825,0.15294117647058825,340,52,0.2917933130699088,329,96
E02000826,0.15658362989323843,281,44,0.28517110266159695,263,75
E02000827,0.15681233933161953,389,61,0.3081570996978852,331,102
E02000828,0.18055555555555555,288,52,0.33587786259541985,262,88
E02000829,0.16279069767441862,344,56,0.26217228464419473,267,70
E02000830,0.07462686567164178,201,15,0.23776223776223776,143,34
E02000831,0.10743801652892562,242,26,0.26804123711340205,194,52
E02000832,0.1495601173020528,341,51,0.2703583061889251,307,83
E02000833,0.10546875,256,27,0.2804232804232804,189,53
E02000834,0.07303370786516854,178,13,0.183206106870229,131,24
E02000835,0.0695364238410596,302,21,0.2222222222222222,198,44
E02000836,0.05327868852459016,244,13,0.14285714285714285,189,27
E02000837,0.06504065040650407,246,16,0.1270718232044199,181,23
E02000838,0.1038961038961039,231,24,0.1780821917808219,219,39
E02000839,0.14285714285714285,224,32,0.2922077922077922,154,45
E02000840,0.1105121293800539,371,41,0.2305194805194805,308,71
E02000841,0.10875331564986737,377,41,0.2558139534883721,344,88
E02000842,0.07964601769911504,226,18,0.2151394422310757,251,54
E02000843,0.0732484076433121,314,23,0.24404761904761904,168,41
E02000844,0.11075949367088607,316,35,0.2578397212543554,287,74
E02000845,0.06753246753246753,385,26,0.11940298507462686,268,32
E02000846,0.07604562737642585,263,20,0.1917808219178082,219,42
E02000847,0.06692913385826772,254,17,0.1700404858299595,247,42
E02000848,0.07971014492753623,276,22,0.16129032258064516,310,50
E02000849,0.06930693069306931,303,21,0.1651376146788991,218,36
E02000850,0.06336088154269973,363,23,0.20408163265306123,343,70
E02000851,0.09554140127388536,314,30,0.22429906542056074,214,48
E02000852,0.08791208791208792,273,24,0.1553398058252427,206,32
E02000853,0.08561643835616438,292,25,0.1894273127753304,227,43
E02000854,0.058823529411764705,255,15,0.13917525773195877,194,27
E02000855,0.06726457399103139,223,15,0.14285714285714285,245,35
E02000856,0.06181818181818182,275,17,0.16129032258064516,217,35
E02000857,0.08949416342412451,257,23,0.18309859154929578,142,26
E02000858,0.09705882352941177,340,33,0.25,304,76
E02000859,0.08273381294964029,278,23,0.21739130434782608,184,40
E02000860,0.10810810810810811,259,28,0.19879518072289157,166,33
E02000861,0.041237113402061855,194,8,0.1404494382022472,178,25
E02000863,0.06707317073170732,164,11,0.16666666666666666,156,26
E02000864,0.14285714285714285,280,40,0.2827868852459016,244,69
E02000865,0.1444866920152091,263,38,0.2693877551020408,245,66
E02000866,0.125,256,32,0.2052401746724891,229,47
E02000867,0.1118421052631579,304,34,0.2261904761904762,252,57
E02000868,0.1878453038674033,181,34,0.25842696629213485,178,46
E02000869,0.18562874251497005,167,31,0.2536231884057971,138,35
E02000870,0.15492957746478872,213,33,0.23809523809523808,189,45
E02000871,0.13664596273291926,483,66,0.2578947368421053,380,98
E02000872,0.11627906976744186,215,25,0.28217821782178215,202,57
E02000873,0.13355048859934854,307,41,0.21686746987951808,249,54
E02000874,0.1220472440944882,254,31,0.2594142259414226,239,62
E02000875,0.11159737417943107,457,51,0.24708624708624707,429,106
E02000876,0.14666666666666667,225,33,0.25268817204301075,186,47
E02000877,0.13062098501070663,467,61,0.3108433734939759,415,129
E02000878,0.1415525114155251,219,31,0.24267782426778242,239,58
E02000879,0.14705882352941177,272,40,0.232,250,58
E02000880,0.11462450592885376,253,29,0.29015544041450775,193,56
E02000881,0.13370473537604458,359,48,0.25277777777777777,360,91
E02000882,0.11627906976744186,387,45,0.2777777777777778,360,100
E02000883,0.12413793103448276,435,54,0.23782234957020057,349,83
E02000884,0.12280701754385964,285,35,0.2523364485981308,214,54
E02000885,0.17857142857142858,280,50,0.2607003891050584,257,67
E02000886,0.11904761904761904,210,25,0.2543352601156069,173,44
E02000887,0.11548556430446194,381,44,0.2704225352112676,355,96
E02000888,0.10967741935483871,310,34,0.275,240,66
E02000889,0.11610486891385768,267,31,0.19205298013245034,151,29
E02000890,0.11904761904761904,84,10,0.1111111111111111,54,6
E02000891,0.1307901907356948,367,48,0.2563176895306859,277,71
E02000893,0.07883817427385892,241,19,0.27167630057803466,173,47
E02000894,0.08016877637130802,237,19,0.2631578947368421,152,40
E02000895,0.10408921933085502,269,28,0.20512820512820512,234,48
E02000896,0.07480314960629922,254,19,0.16299559471365638,227,37
E02000897,0.08680555555555555,288,25,0.18587360594795538,269,50
E02000898,0.10504201680672269,238,25,0.15891472868217055,258,41
E02000899,0.1099290780141844,282,31,0.21962616822429906,214,47
E02000900,0.11271676300578035,346,39,0.2662337662337662,308,82
E02000901,0.057926829268292686,328,19,0.17714285714285713,350,62
E02000902,0.08781869688385269,353,31,0.25773195876288657,291,75
E02000903,0.11868686868686869,396,47,0.26433915211970077,401,106
E02000904,0.10985915492957747,355,39,0.1879432624113475,282,53
E02000905,0.10606060606060606,396,42,0.23853211009174313,327,78
E02000906,0.09072164948453608,485,44,0.2403560830860534,337,81
E02000907,0.125531914893617,470,59,0.2793733681462141,383,107
E02000908,0.09375,448,42,0.2367601246105919,321,76
E02000909,0.09313725490196079,408,38,0.2163265306122449,245,53
E02000910,0.10401891252955082,423,44,0.23129251700680273,294,68
E02000911,0.13195876288659794,485,64,0.247557003257329,307,76
E02000912,0.08051948051948052,385,31,0.2634730538922156,334,88
E02000913,0.07886435331230283,317,25,0.21825396825396826,252,55
E02000914,0.11699779249448124,453,53,0.2719546742209632,353,96
E02000915,0.07755102040816327,245,19,0.17676767676767677,198,35
E02000916,0.125,448,56,0.21639344262295082,305,66
E02000917,0.14322916666666666,384,55,0.23766816143497757,223,53
E02000918,0.11254019292604502,311,35,0.20920502092050208,239,50
E02000919,0.11589403973509933,302,35,0.32,200,64
E02000920,0.12903225806451613,372,48,0.23890784982935154,293,70
E02000921,0.11428571428571428,420,48,0.2519893899204244,377,95
E02000922,0.1103448275862069,435,48,0.23411371237458195,299,70
E02000923,s,89,s,0.25609756097560976,82,21
E02000924,0.11912225705329153,319,38,0.2577777777777778,225,58
E02000925,0.11857707509881422,253,30,0.25225225225225223,222,56
E02000926,0.1597222222222222,144,23,0.26956521739130435,115,31
E02000927,0.11363636363636363,132,15,0.26732673267326734,101,27
E02000928,0.057777777777777775,225,13,0.14634146341463414,123,18
E02000929,0.13768115942028986,276,38,0.2647058823529412,238,63
E02000930,0.1048951048951049,143,15,0.2222222222222222,81,18
E02000931,0.024390243902439025,246,6,0.13953488372093023,86,12
E02000932,s,169,s,0.14102564102564102,78,11
E02000933,0.06382978723404255,141,9,0.19130434782608696,115,22
E02000934,0.08547008547008547,117,10,0.1951219512195122,82,16
E02000935,0.12286689419795221,293,36,0.24468085106382978,188,46
E02000936,0.10833333333333334,120,13,0.19230769230769232,104,20
E02000937,0.04219409282700422,237,10,0.09848484848484848,132,13
E02000938,0.14285714285714285,308,44,0.2145922746781116,233,50
E02000939,0.03954802259887006,177,7,0.05785123966942149,121,7
E02000940,0.12222222222222222,270,33,0.2422680412371134,194,47
E02000941,0.0782312925170068,294,23,0.13986013986013987,143,20
E02000942,0.046762589928057555,278,13,0.07853403141361257,191,15
E02000943,0.03870967741935484,155,6,0.23157894736842105,95,22
E02000944,0.11570247933884298,242,28,0.242152466367713,223,54
E02000945,0.10849056603773585,212,23,0.19811320754716982,212,42
E02000946,0.10555555555555556,180,19,0.2468354430379747,158,39
E02000947,0.0371900826446281,242,9,0.12056737588652482,141,17
E02000948,0.07853403141361257,191,15,0.16428571428571428,140,23
E02000949,0.0410958904109589,146,6,0.1702127659574468,94,16
E02000950,0.07731958762886598,194,15,0.2,165,33
E02000951,0.06956521739130435,115,8,0.1743119266055046,109,19
E02000952,0.09523809523809523,105,10,0.2,85,17
E02000953,0.0966183574879227,207,20,0.22826086956521738,92,21
E02000954,0.12698412698412698,189,24,0.2046783625730994,171,35
E02000955,0.08118081180811808,271,22,0.22167487684729065,203,45
E02000956,0.11740890688259109,247,29,0.2222222222222222,180,40
E02000957,0.11021505376344086,372,41,0.19672131147540983,244,48
E02000958,0.08099688473520249,321,26,0.1639871382636656,311,51
E02000959,0.12292358803986711,301,37,0.23039215686274508,204,47
E02000960,s,73,s,0.1568627450980392,51,8
E02000961,0.09550561797752809,178,17,0.20903954802259886,177,37
E02000962,0.08035714285714286,112,9,0.24324324324324326,111,27
E02000963,0.11746031746031746,315,37,0.28125,352,99
E02000964,0.09333333333333334,375,35,0.3025936599423631,347,105
E02000965,0.10416666666666667,192,20,0.2616822429906542,107,28
E02000966,0.05555555555555555,144,8,0.21978021978021978,91,20
E02000967,0.1232876712328767,73,9,0.17647058823529413,51,9
E02000968,0.1431578947368421,475,68,0.2579505300353357,566,146
E02000969,0.12103746397694524,347,42,0.2774725274725275,364,101
E02000970,s,65,s,s,40,s
E02000971,0.1125,80,9,0.3968253968253968,63,25
E02000972,0.10144927536231885,69,7,0.2459016393442623,61,15
E02000973,0.0898876404494382,89,8,0.2403846153846154,104,25
E02000974,0.125,96,12,0.225,80,18
E02000975,s,68,s,s,49,s
E02000976,0.08849557522123894,113,10,0.23214285714285715,112,26
E02000977,0.11864406779661017,59,7,s,35,s
E02000978,s,28,s,s,23,s
E02000979,0.16129032258064516,124,20,0.2222222222222222,81,18
E02000980,0.07368421052631578,190,14,0.2826086956521739,184,52
E02000981,0.1368421052631579,95,13,0.25333333333333335,75,19
E02000982,0.1391304347826087,230,32,0.2623762376237624,202,53
E02000983,0.14736842105263157,190,28,0.2810810810810811,185,52
E02006782,0.11524163568773234,269,31,0.17167381974248927,233,40
E02006783,0.14058355437665782,377,53,0.3072289156626506,332,102
E02006784,0.09933774834437085,302,30,0.21673003802281368,263,57
E02006785,0.11304347826086956,230,26,0.24257425742574257,202,49
E02006786,0.12624584717607973,301,38,0.26640926640926643,259,69
E02006787,0.07608695652173914,368,28,0.1509433962264151,212,32
E02006788,0.12732919254658384,322,41,0.23397435897435898,312,73
E02006789,0.0855614973262032,187,16,0.1437125748502994,167,24
E02006791,0.10967741935483871,155,17,0.20353982300884957,113,23
E02006792,0.05855855855855856,222,13,0.17592592592592593,108,19
E02006793,0.14219114219114218,429,61,0.3323442136498516,337,112
E02006794,0.1457142857142857,350,51,0.3402777777777778,288,98
E02006795,0.06389776357827476,313,20,0.1827956989247312,279,51
E02006796,0.09969788519637462,331,33,0.1867704280155642,257,48
E02006798,0.17220543806646527,331,57,0.27312775330396477,227,62
E02006799,0.11940298507462686,536,64,0.24705882352941178,425,105
E02006800,0.13028764805414553,591,77,0.2249488752556237,489,110
E02006801,0.14285714285714285,161,23,0.21100917431192662,109,23
E02006802,0.11515151515151516,165,19,0.24675324675324675,154,38
E02006836,0.06465517241379311,232,15,0.1348314606741573,178,24
E02006853,0.1016949152542373,236,24,0.28717948717948716,195,56
E02006854,0.08108108108108109,74,6,0.17721518987341772,79,14
E02006882,0.11421911421911422,429,49,0.21666666666666667,360,78
E02006918,0.1484375,384,57,0.25396825396825395,315,80
E02006921,0.14457831325301204,249,36,0.27586206896551724,203,56
E02006924,0.122,500,61,0.1865671641791045,402,75
E02006925,0.06904761904761905,420,29,0.2314487632508834,566,131
E02006927,0.10600706713780919,283,30,0.2421875,256,62
E02006928,0.13612565445026178,191,26,0.24113475177304963,141,34
E02006929,0.10606060606060606,198,21,0.22,150,33
E02006930,0.0456140350877193,285,13,0.18787878787878787,165,31
E02006931,0.09230769230769231,260,24,0.25980392156862747,204,53
