geography code,pct_continuous_urban_land_clc_12,pct_green_urban_land_area_clc_12,pct_industrial_commerical_land_area_clc_12,pct_road_and_rail_land_area_clc_12,pct_sports_facilities_land_area_clc_12
E02000001,0.9988352693021404,0.0,0.0,0.0,0.0
E02000002,0.546316338365607,0.0,0.0,0.0,0.0
E02000003,0.7179176781816977,0.0,0.09911340436449596,0.0,0.0
E02000004,0.35842548327852075,0.613177560464533,0.02839696163448842,0.0,0.0
E02000005,0.8293616553113544,0.0,0.15758834239613173,0.0,0.013050002409871845
E02000007,0.6608834748930708,0.2470721270272289,0.0,0.0,0.09204439769191823
E02000008,0.9655706495539248,0.034429350514599964,0.0,0.0,0.0
E02000009,0.9415820972457831,0.058417906274721224,0.0,0.0,0.0
E02000010,0.8887906622271936,0.11120933899346737,0.0,0.0,0.0
E02000011,0.5942719644225557,0.22896953872647302,0.17675848908298564,0.0,0.0
E02000012,0.9013041409442245,0.09869586347983797,0.0,0.0,0.0
E02000013,0.7494208444836397,0.2505791500878184,0.0,0.0,0.0
E02000014,0.8719279950309077,0.12807200411442085,0.0,0.0,0.0
E02000015,0.6059926114233245,0.22727409979997587,0.0,0.0,0.16673328895555045
E02000016,0.5994075092994215,0.05064656999396361,0.34994592742377173,0.0,0.0
E02000017,0.8462608992009313,0.13562911158379282,0.018109982684538357,0.0,0.0
E02000018,0.7265122104601276,0.2343405105121257,0.03914727879798857,0.0,0.0
E02000019,0.2620186204570012,0.09280630488453481,0.6386199046239213,0.0,0.0
E02000020,0.2763158498562037,0.08887108988554594,0.5412739307697072,0.0,0.0
E02000021,0.2631681944870878,0.01259943588674953,0.714518192236889,0.0,0.009694569876113758
E02000022,0.6058078092048854,0.0008582444691580613,0.3933339457691273,0.0,0.0
E02000023,0.3518963278156814,0.18788670281299075,0.4310090430370864,0.0,0.0
E02000024,0.5861510169208655,0.0,0.0,0.0,0.13217704122692786
E02000025,0.6728463324778274,0.0,0.0,0.0,0.0
E02000026,0.7794605340096659,0.15935460682039793,0.0,0.0,0.00023721159191276617
E02000027,0.8443076030012231,0.00237003132771807,0.0,0.0,0.003920490499016967
E02000028,0.999986708545078,1.3291504474900264e-05,0.0,0.0,0.0
E02000029,0.7938386239217038,0.20616136847313965,0.0,0.0,0.0
E02000030,0.23232854703792935,0.020460706348044724,0.0012036112363669688,0.0,0.10279335662772872
E02000031,0.9153233210135717,0.08467668252167329,0.0,0.0,0.0
E02000032,0.9873111230984668,0.012688876880163643,0.0,0.0,0.0
E02000033,0.9861411672716133,0.013858832703940721,0.0,0.0,0.0
E02000034,0.8112284139216132,0.0,0.0,0.0,0.18877158661722518
E02000035,0.9797311268381893,0.015101785058250376,0.0,0.0,0.0046324243787425725
E02000036,0.9827702513948474,0.0,0.0,0.0,0.015392820103896572
E02000037,0.3734143840737512,0.0,0.009517416581826104,0.0,0.0
E02000038,0.9472409299156563,0.0,0.0,0.0,0.052759085556694944
E02000039,0.7970033670013432,0.20299663198977497,0.0,0.0,0.0
E02000040,0.3444933160965236,0.0974983986117176,0.0,0.0,0.08798758269589728
E02000041,1.0000000000274338,0.0,0.0,0.0,0.0
E02000042,0.9999999999999984,0.0,0.0,0.0,0.0
E02000043,0.8882991070564831,0.0,0.0,0.0,0.0037095360380667865
E02000044,0.9999999999999977,0.0,0.0,0.0,0.0
E02000045,0.9512928674421518,0.04795478580863909,0.0,0.0,0.0007523446088056579
E02000046,1.0000000000000002,0.0,0.0,0.0,0.0
E02000047,0.9924256513224701,0.0,0.007574348739540637,0.0,0.0
E02000048,0.5978397969105909,0.23480843544785748,0.0,0.0,0.16735176760497797
E02000049,0.9969184827300515,0.0,0.0030815172648563506,0.0,0.0
E02000050,0.6598404040083439,0.3401595953604496,0.0,0.0,0.0
E02000051,1.0000000000000036,0.0,0.0,0.0,0.0
E02000052,0.9849035923639715,0.015096407041696526,0.0,0.0,0.0
E02000053,0.5215997448057458,0.0,0.4784002551401177,0.0,0.0
E02000054,0.8116762016676967,0.1711586261239114,0.017165172510256125,0.0,0.0
E02000055,0.9993519573592329,0.0006480425602519416,0.0,0.0,0.0
E02000056,0.814395630488126,0.0,0.0,0.0,0.18560437015029885
E02000057,0.9933832930149333,0.0,0.006616707133800794,0.0,0.0
E02000058,0.9895417785377725,0.0,0.0,0.0,0.010458220061921417
E02000059,0.4838648687364027,0.252815987190241,0.16849076599963728,0.0,0.0
E02000060,1.0000000000000007,0.0,0.0,0.0,0.0
E02000061,0.9267948380711013,0.0,0.0,0.0,0.07320516193994567
E02000062,0.29648867804594076,0.0,0.7035113220283897,0.0,0.0
E02000063,0.9538676845946167,0.0,0.04613231524018053,0.0,0.0
E02000064,0.7874753345674225,0.2119635849917499,0.0005610804824402681,0.0,0.0
E02000065,0.26995396748378436,0.29645973985842694,0.32488234695902496,0.0,0.09544117153331116
E02000066,0.7148952927326931,0.23088004196067757,0.05394237481561961,0.0,0.00028229026940856076
E02000067,0.4944793904750198,0.11503135025497674,0.3887600930053226,0.0,0.0
E02000068,0.5169585136703776,0.0,0.47087406424861317,0.0,0.0
E02000069,0.9999999987307644,0.0,0.0,0.0,0.0
E02000070,0.7215479356839352,0.2784520642355772,0.0,0.0,0.0
E02000071,1.000000000000002,0.0,0.0,0.0,0.0
E02000072,0.4954432757357995,1.6973973687588834e-05,0.03796645156079366,0.0,0.0
E02000073,0.9985823221586105,0.0014176778057758386,0.0,0.0,0.0
E02000074,0.9434797158053465,0.04968317481721915,0.0009981651175556571,0.0,0.005838953549285476
E02000075,0.999999999999998,0.0,0.0,0.0,0.0
E02000077,0.9999999999999998,0.0,0.0,0.0,0.0
E02000078,0.8625025453638252,0.0,0.0,0.0,0.13749745495658464
E02000079,1.0000000000000009,0.0,0.0,0.0,0.0
E02000080,0.8462371448051094,0.1537628553752829,0.0,0.0,0.0
E02000081,0.6984970812977945,0.09080109716372595,0.0,0.0,0.20669688136683498
E02000082,0.9276246866109611,0.07237531658871686,0.0,0.0,0.0
E02000083,0.400371504497155,0.1973043974541907,0.2342048718836266,0.0,0.12614400694923258
E02000084,0.8388767705143141,0.16112322930416,0.0,0.0,0.0
E02000085,0.8744467414606106,0.12555325891835128,0.0,0.0,0.0
E02000086,0.8825122857587554,0.11748771424158785,0.0,0.0,0.0
E02000087,0.6019055001831762,0.006453507779671608,0.0,0.0,0.0009205380796764268
E02000088,0.8028704651917198,0.09579620618247124,0.0,0.0,0.0
E02000089,0.9990092737178842,0.0009907271367824294,0.0,0.0,0.0
E02000090,0.9457238142762728,0.054276185930488864,0.0,0.0,0.0
E02000091,0.6914904991078314,0.3046839079029503,0.003825593197362864,0.0,0.0
E02000092,0.21955660731352933,0.14136129945251869,0.09249434884108446,0.0,0.0024156836373712704
E02000093,0.9845525589094278,0.0,0.015447441150482312,0.0,0.0
E02000094,0.7976272193577116,0.0,0.2023727805711245,0.0,0.0
E02000095,0.9385921675723158,0.06140784968040908,0.0,0.0,0.0
E02000096,0.9999999999999987,0.0,0.0,0.0,0.0
E02000097,0.6117282023818067,0.38827178479159014,0.0,0.0,0.0
E02000098,0.763732551985057,0.23626744665189012,0.0,0.0,0.0
E02000099,0.7940981936645732,0.0,0.20590180698472493,0.0,0.0
E02000100,0.5827334575089284,0.2659807555369073,0.15128578698696765,0.0,0.0
E02000101,0.8549091780389638,0.03908506536036152,0.10600575877444497,0.0,0.0
E02000102,0.5880132688006443,0.10834409930335713,0.11010792683987806,0.0,0.0
E02000103,0.5492255029858675,0.0,0.2679153237465167,0.0,0.14870042339156278
E02000104,0.9733999541405782,0.0,0.02660004447872534,0.0,0.0
E02000105,0.7723828514724094,0.22738156752148359,0.00023558092559410453,0.0,0.0
E02000106,0.7795058540945246,0.0,0.22026359196516296,0.0,0.00023055394889782285
E02000107,0.8851282599793201,0.0,0.06799361099116229,0.0,0.04687812898144418
E02000108,1.0,0.0,0.0,0.0,0.0
E02000109,0.4950903653001739,0.0,0.34213585412998876,0.0,0.16277377944090543
E02000110,0.9225021780683147,0.0,0.0,0.0,0.07749782175641151
E02000111,0.9998257725778285,0.00017422736342571863,0.0,0.0,0.0
E02000112,0.792861224401945,0.0,0.0,0.20627825233508454,0.0008605232535992374
E02000113,0.655160399763802,0.0,0.34247939975804215,0.0023602004852047486,0.0
E02000114,0.999999999999999,0.0,0.0,0.0,0.0
E02000115,1.0000000000000004,0.0,0.0,0.0,0.0
E02000116,0.7643906035710756,0.23455224864710436,0.0010571479180075524,0.0,0.0
E02000117,0.8831103415257775,0.005839109101461535,0.11105054923194581,0.0,0.0
E02000118,0.7285212676597574,0.0,0.2158132558979141,0.05566547712527876,0.0
E02000119,0.2596421547209725,0.0,0.5325469181820051,0.20781092774871773,0.0
E02000120,1.0000000000000009,0.0,0.0,0.0,0.0
E02000121,0.6288948251175712,0.0,0.35747515336573404,0.0,0.013630021184381266
E02000122,1.0000000000000004,0.0,0.0,0.0,0.0
E02000123,0.8780954933393617,0.00016333164670994247,0.0052442299597028575,0.11649694824675488,0.0
E02000124,0.9912366729324451,0.008763327105833602,0.0,0.0,0.0
E02000125,0.9926786205489677,0.007321379388976787,0.0,0.0,0.0
E02000126,0.9999999999877434,0.0,0.0,0.0,0.0
E02000127,0.5500162056808802,0.4499837945858497,0.0,0.0,0.0
E02000128,0.47982472474900195,0.4966575878038795,0.0,0.0,0.023517687848504405
E02000130,0.7868123182204113,0.060185794525113384,0.15300188718271204,0.0,0.0
E02000131,0.5204035450577674,0.013066826938592586,0.0,0.0,0.4665296280998083
E02000132,0.7612728991198837,0.1895078049536839,0.04913268105732367,0.0,8.661501322565657e-05
E02000133,0.6701785584818956,0.11540248011688865,0.0,0.0,0.07557893071997326
E02000134,0.9230145384836348,0.0,0.0,0.0,0.07698545584446907
E02000135,0.8555508260330493,0.14444917381484118,0.0,0.0,0.0
E02000136,0.365375973485884,0.6108039092421897,0.0,0.0,0.0
E02000137,0.8962455357076563,0.0,0.0,0.0,0.1037544636994498
E02000138,0.8676179261581218,0.12050394662029343,0.010116534809569233,0.0,0.0017615971438703466
E02000139,0.8313801825695367,0.16861979141223857,0.0,0.0,0.0
E02000140,0.7990528019008525,0.09869141080659595,0.10225577998249273,0.0,0.0
E02000141,0.8327549351717735,0.1672450647868107,0.0,0.0,0.0
E02000142,0.9969145886166065,0.0,0.0,0.0,0.003085411362290191
E02000144,0.9937303880237205,0.0,0.0,0.0,0.0
E02000145,0.12358992622766292,0.03474527835386072,0.04267775180663757,0.0,0.11572214234951257
E02000146,0.7799559844124433,0.0,0.0,0.0,0.0
E02000147,0.9702966730112398,0.0,0.01706820228312258,0.0,0.012635125906437955
E02000148,0.6451624607594809,0.3241465686319718,0.0,0.0,0.0
E02000149,0.8445909038859337,0.0,0.15540909605061826,0.0,0.0
E02000150,0.4181091788090636,0.2740066533159458,0.2762910169355298,0.0,0.0315931489692367
E02000151,0.884351553187395,0.11564844515985084,0.0,0.0,0.0
E02000152,0.5199714858816405,0.1609395469208599,0.0,0.0,0.17300975684351644
E02000153,0.7427114488839237,0.0,0.0,0.0,0.0
E02000154,1.0000000000000009,0.0,0.0,0.0,0.0
E02000155,0.8527931739215446,0.0,0.0,0.0,0.0
E02000156,0.7396025628385134,0.06219353637581228,0.004996164642674638,0.0,0.1430119238192354
E02000157,0.7732481360023981,0.22675186425459629,0.0,0.0,0.0
E02000158,0.7764608654915075,0.0,0.0,0.0,0.0
E02000159,0.4838494226777311,0.07020510652463743,0.0,0.0,0.004308984117468324
E02000160,0.218310294023097,2.9979259334180706e-05,0.0,0.0,0.0
E02000161,0.9999999999999992,0.0,0.0,0.0,0.0
E02000162,0.11634440763406124,0.016626281868550214,0.0,0.0,0.08768402463054809
E02000163,0.24760763841206476,0.0,0.0,0.0,0.0682437358910579
E02000165,0.2414896522926386,0.0,0.0,0.0,0.0
E02000166,0.44764212712837104,0.0,0.005926672035833352,0.0,0.5464312010134728
E02000167,0.3958958515822137,0.0,0.0,0.0,0.6041041483479795
E02000168,0.8164111071455381,0.0,0.18358889295837214,0.0,0.0
E02000169,0.9969206826945333,0.0,0.0,0.0,0.0030793169777834036
E02000170,0.8679540027274023,0.13204599719079946,0.0,0.0,0.0
E02000171,0.9999999999999982,0.0,0.0,0.0,0.0
E02000172,0.7502703799600879,0.0,0.2497296197983089,0.0,0.0
E02000173,0.9999999999999994,0.0,0.0,0.0,0.0
E02000174,1.0000000000000009,0.0,0.0,0.0,0.0
E02000175,0.9999999999999997,0.0,0.0,0.0,0.0
E02000176,1.0000000000000013,0.0,0.0,0.0,0.0
E02000177,1.0000000001378544,0.0,0.0,0.0,0.0
E02000178,0.9999999999999996,0.0,0.0,0.0,0.0
E02000179,1.0000000000000002,0.0,0.0,0.0,0.0
E02000180,0.978131515384885,0.0,0.0,0.02186848364036281,0.0
E02000181,0.9999999999999982,0.0,0.0,0.0,0.0
E02000182,0.8200446323550615,0.17995536861335637,0.0,0.0,0.0
E02000183,0.8477140598039576,0.15228594273287294,0.0,0.0,0.0
E02000184,0.8876716025210574,0.0,0.0,0.11232839781929685,0.0
E02000185,1.0000000000000016,0.0,0.0,0.0,0.0
E02000186,0.7514105542968242,0.24858944790715118,0.0,0.0,0.0
E02000187,0.454115393484848,0.0,0.0,0.5458846064153497,0.0
E02000188,1.0000000001109564,0.0,0.0,0.0,0.0
E02000189,1.0000000027337654,0.0,0.0,0.0,0.0
E02000190,0.999999997325095,0.0,0.0,0.0,0.0
E02000191,1.0000000000000013,0.0,0.0,0.0,0.0
E02000192,0.9999999994917345,0.0,0.0,0.0,0.0
E02000193,1.0000000011576207,0.0,0.0,0.0,0.0
E02000194,0.9648344430422399,0.035165558116999784,0.0,0.0,0.0
E02000195,0.889903494302407,0.0,0.0,0.0,0.11009650544572629
E02000196,0.9999999999999983,0.0,0.0,0.0,0.0
E02000197,0.9999999999999982,0.0,0.0,0.0,0.0
E02000198,0.9999999999999987,0.0,0.0,0.0,0.0
E02000199,0.9999999999999988,0.0,0.0,0.0,0.0
E02000200,0.7530304987262597,0.2400326474138278,0.0,0.006936862745554591,0.0
E02000201,0.9072129877338649,0.09278701149985716,0.0,0.0,0.0
E02000202,0.9999999999999992,0.0,0.0,0.0,0.0
E02000203,1.0000000000000009,0.0,0.0,0.0,0.0
E02000204,0.8092421323724732,0.19075786799525618,0.0,0.0,0.0
E02000206,0.7820301604192317,0.0,0.0,0.21796983135935544,0.0
E02000207,0.8703147087070134,0.0,0.0,0.0,0.12968528112503264
E02000208,0.9999999999999984,0.0,0.0,0.0,0.0
E02000209,0.6585153962778585,0.12458626616077577,0.2168983382822985,0.0,0.0
E02000210,0.9935794735217665,0.0,0.0,0.006420526443859654,0.0
E02000211,0.8948418235820709,0.018456607106527963,0.0,0.0,0.08670156946461731
E02000212,0.554452017357879,0.0,0.44554798402424306,0.0,0.0
E02000213,1.0000000013654422,0.0,0.0,0.0,0.0
E02000214,0.8419584015251479,0.0,0.0,0.0,0.1580415990263481
E02000215,0.9999999999986099,0.0,0.0,0.0,0.0
E02000216,0.6156756970800706,0.37843814396628084,0.0,0.0,0.005886159062303876
E02000217,0.7719189695797916,0.0,0.22808102933738955,0.0,0.0
E02000218,0.8945580337513733,0.058843374606491125,0.011349531941311816,0.0,0.03524905966206827
E02000219,0.32122720653568093,0.20036599894227738,0.0,0.0,0.4503310366366038
E02000220,0.999999998886832,0.0,0.0,0.0,0.0
E02000221,0.5556635569739224,0.21636613261747345,0.22797031051755567,0.0,0.0
E02000222,0.8107704935388358,0.18801668823503495,0.0,0.0,0.0012128196079479144
E02000223,0.802283856907036,0.0,0.0,0.0,0.008595159677081042
E02000224,1.0000000000000004,0.0,0.0,0.0,0.0
E02000225,0.6818985010732379,0.0,0.0,0.0,0.08460194942445036
E02000226,0.5168359797155232,0.33243066660897636,0.0,0.0,0.15073335297351445
E02000227,0.38732970994589533,0.034410593997192054,0.0,0.0,0.23727298536487423
E02000228,0.7783479800478275,0.053702427618783376,0.0,0.0,0.12764411593075428
E02000229,0.8630154984748903,0.0,0.0,0.0,0.0
E02000230,0.9739435919470363,0.02601879529417795,0.0,0.0,3.761260531602786e-05
E02000231,0.9476727331625705,0.0,0.00444969061236567,0.0,0.002374361264948881
E02000232,0.29220201169318794,0.0,0.0,0.0,0.16633435754003423
E02000233,0.8681584344332434,0.10293056124764516,0.0,0.0,0.0
E02000234,0.6865119558416944,0.031559505821736646,0.1272443982841387,0.0,0.09453410054327661
E02000235,0.3957359488191885,0.08651472325418795,0.0,0.0,0.036062290815149514
E02000236,0.4949553592777122,0.16216318210438913,0.007796600249815497,0.01286456145637853,0.013993330895871441
E02000237,0.3682622921328526,0.0,0.00023614549735870966,0.0,0.038199293355985355
E02000238,0.8395929941976153,0.007474543157881589,0.15293246270072672,0.0,0.0
E02000239,0.4382622780648711,0.33218016158665453,0.007584054746025234,0.0,0.22197350629831394
E02000240,0.80213200050289,0.185782474865884,0.0,0.0,0.012085536144355166
E02000241,0.8135684161650936,0.0,0.1864315838296177,0.0,0.0
E02000242,0.8094000797796166,0.0,0.19059991757118283,0.0,0.0
E02000243,0.5176555389448134,0.04346993949103821,0.26706823046352773,0.0,0.17180629087157842
E02000244,0.5549827179708613,0.058787510506454164,0.11545773135794858,0.0,0.270772040848259
E02000245,0.5518719836498096,0.0009522091729283101,0.0,0.0,0.42553526705571887
E02000246,0.5171279988993156,0.0,0.0,0.0,0.06855286496138935
E02000247,0.9325402518213205,0.0021550831063544447,0.0,0.0,0.06530463123947604
E02000248,0.5191798869062954,0.15274309130139288,0.18266094011039452,0.14541608207844875,0.0
E02000249,0.993112245440829,0.0064213693402914215,0.0,0.0,0.00046639694788371585
E02000250,0.842680819777396,0.00022895407595717243,0.0,0.0,0.1570902264918624
E02000251,0.9999999999999999,0.0,0.0,0.0,0.0
E02000252,0.2797527767978532,0.0,0.6648650019268185,0.055382222294713346,0.0
E02000253,0.8136829812478497,0.010214084290442824,0.0,0.0,0.17610293685788947
E02000254,0.8473852144341658,0.15261478383658494,0.0,0.0,0.0
E02000255,0.7208490920702848,0.0,0.0,0.0,0.27915090663481773
E02000256,0.9999999997627922,0.0,0.0,0.0,0.0
E02000257,0.956358296716432,0.04320812099204494,0.0004335804986319553,0.0,0.0
E02000258,0.9885504914950266,0.0,0.01144950560639692,0.0,0.0
E02000259,0.5119988444671146,0.1795641664946953,0.0,0.0,0.308436987964377
E02000260,0.9784750445596296,0.0,0.002245083115886497,0.0,0.019279872732153206
E02000261,0.9999999999999991,0.0,0.0,0.0,0.0
E02000262,0.9999999999999989,0.0,0.0,0.0,0.0
E02000263,0.6979656921352645,0.0006193814585188815,0.3014149262855752,0.0,0.0
E02000264,0.9997191348945119,0.00028086516157563876,0.0,0.0,0.0
E02000265,0.9999999999559057,0.0,0.0,0.0,0.0
E02000266,0.28735658788002233,0.012066523833546937,0.21702628854195807,0.0,0.19704684280344137
E02000267,0.9766023248187768,0.0,0.0,0.0,0.01552623678057762
E02000268,0.9992152219916327,0.0007847779510142195,0.0,0.0,0.0
E02000269,1.000000000054914,0.0,0.0,0.0,0.0
E02000270,0.8448252874477827,0.0,0.15517471255935472,0.0,0.0
E02000271,0.9999999999999997,0.0,0.0,0.0,0.0
E02000272,0.6680498075923004,0.005042100287622861,0.0,0.0,0.0
E02000274,0.8484327776988552,0.0,0.15156722225092875,0.0,0.0
E02000275,0.9000940129874676,0.0,0.015536753414563472,0.0,0.0
E02000276,0.8851811592068731,0.11481884080033508,0.0,0.0,0.0
E02000277,0.8671015358915222,0.0,0.13289846375529535,0.0,0.0
E02000278,0.9421235171373019,0.0,0.0,0.0,0.0
E02000279,0.5024210884819231,0.0,0.27299461382564405,0.0,0.0
E02000280,0.07119257682940902,0.0,0.06425445515918744,0.0,0.0963817727176314
E02000281,0.6093676369028204,0.0,0.011646674942209919,0.0,0.0
E02000282,0.8850493449115407,0.010886892282103268,0.0,0.0,0.0
E02000283,0.9252468638575709,0.0030341396079454335,0.07171899745843319,0.0,0.0
E02000284,1.0000000000000004,0.0,0.0,0.0,0.0
E02000285,0.9934668017479369,0.0,0.0,0.0,0.006533198255466754
E02000286,0.750306726806771,0.0,0.0,0.0,0.04806537066265958
E02000287,0.2853174248655877,0.004042701008889457,0.0,0.0,0.2890551040224847
E02000288,0.5636480277240651,0.04683274295063852,0.28558192070793853,0.0,0.10393728889462478
E02000289,0.4059697328553612,0.0038262192521099666,0.0,0.0,0.09438078064183232
E02000290,0.14101987226603044,0.12427753169741712,0.35944560177612545,0.0,3.1330034567433185e-05
E02000291,1.0000000000000009,0.0,0.0,0.0,0.0
E02000292,0.6384886170130282,0.0873574397759643,0.19741264782423226,0.0,0.07674130198650493
E02000293,0.754467781215136,0.0,0.0,0.0,0.24553219339564927
E02000294,0.5328954654670279,0.034861261572243035,0.04428570998904347,0.0,0.17347434123737226
E02000295,0.7620950131882053,0.23751014676627558,0.0,0.0,0.0003948394758475215
E02000296,0.79524680802703,0.03830135791788287,0.0,0.0,0.16469171074704106
E02000297,0.9018936047757251,0.02182986758740181,0.0,0.0,0.07627652939775258
E02000298,0.7941738133690025,0.2058261865858897,0.0,0.0,0.0
E02000299,0.8994884021161113,0.10051159770231338,0.0,0.0,0.0
E02000300,0.9242969255052605,0.0,0.0,0.0,0.07570307176262304
E02000301,0.3166138798402682,0.020466165217022225,0.22310615198115274,0.0,0.10441904483206205
E02000302,0.7581868027130783,0.24181319753548725,0.0,0.0,0.0
E02000303,0.906557858049731,0.02267037114904975,0.0,0.0,0.0707717713432752
E02000304,0.9791378028071182,0.02086219686933755,0.0,0.0,0.0
E02000305,0.9999999999999991,0.0,0.0,0.0,0.0
E02000306,0.43104940592344576,0.0,0.5687907163647511,0.0,0.0
E02000307,0.9157529422641705,0.08424705653313215,0.0,0.0,0.0
E02000308,1.000000000000003,0.0,0.0,0.0,0.0
E02000309,0.550991883825107,0.0011468101599737689,0.44786131349878666,0.0,0.0
E02000311,1.0000000000000002,0.0,0.0,0.0,0.0
E02000312,1.0000000000000024,0.0,0.0,0.0,0.0
E02000313,0.9949163240766182,0.0,0.0019283429546281454,0.0,0.003155333240638296
E02000314,0.5525399773949987,0.0,0.3531424713116664,0.0075162503548148124,0.0
E02000315,0.999536140512906,0.0,0.0,0.00046385941748338,0.0
E02000316,0.18928246800665477,0.05741999392042238,0.7463231819078894,0.0,0.0
E02000317,0.9351217749054854,0.0421758692912351,0.022702327349892408,0.0,0.0
E02000318,0.7121524686501164,0.04537492747349308,0.0,0.24247260359032977,0.0
E02000319,0.8705450468660839,0.0,0.12900878847336397,0.0,0.0
E02000320,0.4474688999724399,0.5525311000284596,0.0,0.0,0.0
E02000321,0.9000272744287412,0.0,0.09997272553487048,0.0,0.0
E02000323,0.9273484228254865,0.0,0.07265157717062197,0.0,0.0
E02000324,0.7034130904290047,0.11156304013304157,0.009744709919335357,0.0,0.17527916435367902
E02000326,1.0000000000000007,0.0,0.0,0.0,0.0
E02000327,0.45952992439791074,0.34312852991773535,0.1973415459340497,0.0,0.0
E02000328,0.9999996472048727,0.0,0.0,0.0,3.5280367461700534e-07
E02000329,0.4001657808108862,0.5188974215158335,0.0,0.0,0.08093678484975586
E02000331,0.8827155322648678,0.002569796525814552,0.04552705996594578,0.0,0.06918760213375666
E02000332,0.5753546056103784,0.273368116282623,0.0,0.0,0.15127729002471366
E02000333,0.9850700099848507,0.014929991177313343,0.0,0.0,0.0
E02000334,0.999999999999997,0.0,0.0,0.0,0.0
E02000335,0.6507555506826966,0.3358089879739528,0.0,0.0,0.013435461420449688
E02000337,1.000000000000002,0.0,0.0,0.0,0.0
E02000339,0.8759936376598202,0.0,0.0,0.0,0.1240063622522605
E02000340,0.4854869783108041,0.2863211503695799,0.0,0.0,0.22819186859301063
E02000341,0.6387236883048223,0.36127631657762366,0.0,0.0,0.0
E02000342,0.653229989478342,0.3467700104622713,0.0,0.0,0.0
E02000343,0.8606258785681796,0.1393741214146228,0.0,0.0,0.0
E02000344,0.9407398760855455,0.05926012390627024,0.0,0.0,0.0
E02000345,0.9001302990189638,0.079981949856002,0.0,0.0,0.0
E02000346,0.7524722011715325,0.0,0.0,0.0,0.017039109746224152
E02000347,0.8309984076977822,0.0,0.0,0.0,0.0
E02000348,0.8557629775392112,0.14423702852040074,0.0,0.0,0.0
E02000350,0.9999999993595523,0.0,0.0,0.0,0.0
E02000351,0.9732686986880857,0.017212205670428665,0.0,0.0,0.009519093909266479
E02000352,0.6561766897283927,0.34374314146266427,0.0,0.0,0.0
E02000353,0.9948324317673375,0.005167567220529466,0.0,0.0,0.0
E02000354,1.000000000000001,0.0,0.0,0.0,0.0
E02000355,0.8822055763793317,0.0,0.0,0.0,0.11779443256648763
E02000356,0.9924016544389773,0.007598339559636585,0.0,0.0,0.0
E02000357,0.27730595740473146,0.0,0.0,0.00543971115476201,0.7172543256218984
E02000358,0.9999999999400602,0.0,0.0,0.0,0.0
E02000359,0.999048901875857,0.0,0.0,0.0,0.000951098095300439
E02000360,1.000000000120927,0.0,0.0,0.0,0.0
E02000361,1.0000000000022091,0.0,0.0,0.0,0.0
E02000362,0.37937646198752983,0.011007277085138196,0.08130801803079381,0.0,0.5283082429975019
E02000363,1.000000000005446,0.0,0.0,0.0,0.0
E02000364,0.999999999909087,0.0,0.0,0.0,0.0
E02000365,1.000000000092529,0.0,0.0,0.0,0.0
E02000366,0.837771739216106,0.16222825860464787,0.0,0.0,0.0
E02000367,0.9939055864937361,0.006094413554188852,0.0,0.0,0.0
E02000368,1.0000000000014535,0.0,0.0,0.0,0.0
E02000369,0.9999999999396325,0.0,0.0,0.0,0.0
E02000370,1.0000000003281684,0.0,0.0,0.0,0.0
E02000371,0.9999999998459059,0.0,0.0,0.0,0.0
E02000372,0.2900831275228665,0.31449572281572846,0.0952280997785825,0.30019304974316185,0.0
E02000373,0.9636626550565845,0.0,0.03633734627047388,0.0,0.0
E02000374,0.9999999999999996,0.0,0.0,0.0,0.0
E02000375,0.5094023929416684,0.0,0.49059760546077735,0.0,0.0
E02000376,0.9777619949774035,0.0,0.022238004923221682,0.0,0.0
E02000377,1.0000000000000018,0.0,0.0,0.0,0.0
E02000378,0.8315944799812525,0.0,0.16840552053143665,0.0,0.0
E02000379,1.0000000013175698,0.0,0.0,0.0,0.0
E02000380,1.0000000005337992,0.0,0.0,0.0,0.0
E02000381,1.0000000003238347,0.0,0.0,0.0,0.0
E02000382,1.0000000037986263,0.0,0.0,0.0,0.0
E02000383,0.9999999995233113,0.0,0.0,0.0,0.0
E02000384,0.9999999953945361,0.0,0.0,0.0,0.0
E02000385,1.000000000590501,0.0,0.0,0.0,0.0
E02000386,0.9999999997403454,0.0,0.0,0.0,0.0
E02000387,1.0000000001749667,0.0,0.0,0.0,0.0
E02000388,1.0000000011607018,0.0,0.0,0.0,0.0
E02000389,0.9928928396516891,0.0067264694884289445,0.0,0.0,0.0
E02000390,0.9999999998791042,0.0,0.0,0.0,0.0
E02000391,0.9922326813807296,0.0,0.007767317918890684,0.0,0.0
E02000392,0.9999999999999996,0.0,0.0,0.0,0.0
E02000393,1.0000000000049298,0.0,0.0,0.0,0.0
E02000394,0.5344217969229781,0.0,0.4655782136204938,0.0,0.0
E02000395,0.720619167101689,0.27727250409410104,0.0,0.0,0.0
E02000396,0.9999999999999994,0.0,0.0,0.0,0.0
E02000397,1.0000000000000016,0.0,0.0,0.0,0.0
E02000398,0.5754080385934802,0.22698769162778829,0.19760425836235762,0.0,0.0
E02000400,0.8009178635206652,0.0,0.0,0.0,0.19908211560962882
E02000401,0.9961417479332381,0.003858252069794523,0.0,0.0,0.0
E02000402,0.6591047453482028,0.340895255426977,0.0,0.0,0.0
E02000403,1.000000000007788,0.0,0.0,0.0,0.0
E02000404,0.9999999999999997,0.0,0.0,0.0,0.0
E02000405,0.5707499702422906,0.0,0.0,0.0,0.42925003073707557
E02000406,1.0000000003160614,0.0,0.0,0.0,0.0
E02000407,0.982811894672134,0.017188103429629224,0.0,0.0,0.0
E02000408,0.9999999999678146,0.0,0.0,0.0,0.0
E02000409,0.6052164765152772,0.3947835475705571,0.0,0.0,0.0
E02000410,0.9898542692726597,0.010145725368838423,0.0,0.0,0.0
E02000411,0.40594161029787723,0.2260820124576979,0.3679763772180733,0.0,0.0
E02000412,0.9999999998224134,0.0,0.0,0.0,0.0
E02000413,0.800174508646564,0.19918780086039609,0.0,0.0,0.0
E02000414,0.9967945920476153,0.003205407417257121,0.0,0.0,0.0
E02000415,0.8241177648414055,0.17588221184469932,0.0,0.0,0.0
E02000416,0.999807871857132,0.0,0.0,0.0,0.0001921281429111712
E02000417,0.6212098026629306,0.11539497092459863,0.0,0.0,0.09800063329473328
E02000418,0.8845743936722524,0.09055694794020944,0.0,0.0,0.024868658827085405
E02000419,0.9999999998438315,0.0,0.0,0.0,0.0
E02000420,1.0000000000000007,0.0,0.0,0.0,0.0
E02000421,0.7957479539644883,0.0,0.20425204596647062,0.0,0.0
E02000422,0.9999999999999981,0.0,0.0,0.0,0.0
E02000423,0.9999999999974872,0.0,0.0,0.0,0.0
E02000424,1.0000000000000002,0.0,0.0,0.0,0.0
E02000425,0.9838731995291636,0.0,0.004869423583003449,0.0,0.0
E02000426,0.6026083619572941,0.00198760670847233,0.0,0.0,0.2116487125540267
E02000427,0.5411545624496974,0.0,0.0,0.0,0.45884543842619185
E02000428,0.9999999999999994,0.0,0.0,0.0,0.0
E02000429,0.8463160338716954,0.1484701695261711,0.0,0.0,0.0
E02000430,0.9999999999999977,0.0,0.0,0.0,0.0
E02000431,1.0,0.0,0.0,0.0,0.0
E02000432,0.9999990067123077,0.0,0.0,0.0,9.932887377287922e-07
E02000433,0.36557727541634355,0.0,0.06910786788354173,0.0,0.0
E02000434,0.8167838282230642,0.1832161717816611,0.0,0.0,0.0
E02000435,0.7064980290926118,0.0,0.0,0.0,0.24090128255598445
E02000436,0.3258857972207592,0.0,0.0,0.0,0.0597222402994692
E02000437,0.9775903315140316,0.0,0.0,0.0,0.0
E02000438,0.9085472762893059,0.08740812163123939,0.0,0.0,0.0
E02000439,0.9999999999564774,0.0,0.0,0.0,0.0
E02000440,0.9902048217102016,0.0,0.0,0.0,0.009795177232821918
E02000441,0.6983005554697952,0.0,0.0,0.0,0.21507567286925475
E02000442,0.9999999999999992,0.0,0.0,0.0,0.0
E02000443,0.9711162727553674,0.0,0.028883727289919062,0.0,0.0
E02000444,1.0000000000000009,0.0,0.0,0.0,0.0
E02000445,0.9939654025081123,0.0,0.006034597610653266,0.0,0.0
E02000447,0.6598077643595033,0.3374947512451424,0.002697484114934898,0.0,0.0
E02000448,0.9970262074589769,0.002973792418107256,0.0,0.0,0.0
E02000449,1.0000000000000004,0.0,0.0,0.0,0.0
E02000451,0.7810835196209034,0.21891648047440196,0.0,0.0,0.0
E02000452,0.7996337075471742,0.0,0.2003662924361381,0.0,0.0
E02000453,1.0000000000669342,0.0,0.0,0.0,0.0
E02000454,0.8560594556350026,0.1439405443003383,0.0,0.0,0.0
E02000455,0.9507938408023938,0.049206159372667056,0.0,0.0,0.0
E02000456,0.9999999999583468,0.0,0.0,0.0,0.0
E02000457,0.9997320421417666,0.00026795797705406855,0.0,0.0,0.0
E02000459,0.8883320740523591,0.11166793279289935,0.0,0.0,0.0
E02000460,0.9999999999999996,0.0,0.0,0.0,0.0
E02000461,0.35741948358824593,0.6425805133178709,0.0,0.0,0.0
E02000462,0.875759219189565,0.12424078060256984,0.0,0.0,0.0
E02000463,0.9917748004126989,0.0,0.008225199586981391,0.0,0.0
E02000464,0.17778806041822046,0.037467658914832946,0.07317313571580705,0.0,0.042883294945515904
E02000465,0.4733305504694903,0.09913247325837621,0.0073266903537010505,0.023646246689326893,0.07744743328305798
E02000466,0.17560654681704896,0.18480833509069014,0.0,0.0,0.0
E02000467,0.867205923470766,0.034012250189704225,0.09788581722829738,0.0,0.0
E02000468,0.3180255028641562,0.0,0.0,0.0,0.07097244127145752
E02000469,0.5305977393865383,0.18147656832153464,0.05802459738802942,0.0,0.22990109683712176
E02000470,0.22921686608776784,0.14212272559366879,0.07642285834935657,0.005356741248080912,0.0
E02000471,0.7446616630758756,0.1188531256639168,0.0,0.0,0.13648520928120825
E02000472,1.0000000000000004,0.0,0.0,0.0,0.0
E02000473,0.7019544288784209,0.009292567576485788,0.0028443273161043066,0.0,0.0
E02000474,0.6297342553922859,0.0,0.0,0.0,0.0
E02000475,0.8153874181203851,0.0,0.0,0.0,0.18461258175266057
E02000476,1.0000000001663094,0.0,0.0,0.0,0.0
E02000477,0.9999999999999968,0.0,0.0,0.0,0.0
E02000478,0.8218633746862828,0.0,0.0,0.0,0.004074544606834243
E02000479,0.9700041768362556,0.0,0.02999582312888397,0.0,0.0
E02000480,0.5045294644651509,0.0015224926423496813,0.17307489146388672,0.0,0.13348413699045464
E02000481,0.11610843799465706,0.0,0.0,0.029962780791946822,0.07112129471466991
E02000482,0.7010157157839638,0.0,0.0,0.0,0.11950018895233613
E02000483,0.9909168472773965,0.009083152714376642,0.0,0.0,0.0
E02000484,0.7352354647078815,0.2647645353108938,0.0,0.0,0.0
E02000485,0.7807555315955447,0.0,0.0,0.0,0.10329451973029127
E02000486,0.9546118204698266,0.04538817955324502,0.0,0.0,0.0
E02000487,0.12348468885115922,0.0,0.0,0.0,0.022429447348489936
E02000488,0.7294393594035707,0.0,0.0,0.0,0.27056065697957205
E02000489,0.47584726445819003,0.29547337771869797,0.0,0.0,0.22867934651771338
E02000490,0.551505932162077,0.0952816189117364,0.0,0.0,0.35321244868010415
E02000491,0.3006729086067475,0.024604173502237894,0.5395730199864339,0.0,0.04804472735291429
E02000492,0.09278255057650617,0.0,0.06106345036871649,0.0,0.042304227290857324
E02000493,0.6963235326132657,0.0,0.06234347064559027,0.0,0.04513377837715684
E02000494,0.41645902173933425,0.0,0.03958259242089766,0.0,0.04889080807030225
E02000495,0.7369828826476327,0.010389319282988292,0.0,0.0,0.2203406669343195
E02000496,0.11122286905878757,0.00036431706451525736,0.01100892301084391,0.0,0.010416296899828578
E02000497,0.6540470383982578,0.19401331588825824,0.0,0.0,0.0
E02000498,0.4064313508971418,0.0,0.0,0.0,0.039589634650861454
E02000499,0.9800738983156615,0.01992610181974578,0.0,0.0,0.0
E02000500,0.736260537789808,0.0,0.0,0.0,0.0
E02000501,0.9739330641327367,0.02606693290572918,0.0,0.0,0.0
E02000502,0.4852786302346623,0.0,0.0,0.0,0.025170410995055036
E02000503,0.9931578791454796,0.0,0.00476720412724355,0.0,0.0
E02000504,0.5607837974457707,0.051968065658388386,0.0,0.0,0.0
E02000506,0.417256544452591,0.22437725524900862,2.788430089555237e-05,0.0,0.1471212023527765
E02000507,0.38439668539631455,0.0,0.0,0.0,0.0
E02000508,0.6015771225228277,0.12525033630926546,0.2247788301679096,0.0,0.04826762598534998
E02000509,0.6982926900836145,0.007982972636681455,0.2658019409551541,0.0,0.0
E02000510,0.768811897892176,0.11734724324940557,0.0,0.0,0.09734252649995871
E02000511,0.6009247562661593,0.0,0.0,0.0,0.0
E02000512,0.7865364258571047,0.0,0.0,0.0,0.009571608189906052
E02000513,0.766349200664916,0.03358113133395309,0.0,0.0,0.0
E02000514,0.8739568786299714,0.0,0.0,0.0,0.0
E02000515,0.5635880487720755,0.42503302044950053,0.002613106762166748,0.0,0.0
E02000516,0.6783833698154669,0.32091404633639264,0.0007025841636549161,0.0,0.0
E02000517,0.8008170854270376,0.0,0.02495708668425033,0.0,0.17422586842150772
E02000518,0.5219377790147703,0.0047193399482160165,0.18710797360725895,0.0,0.28623489793638596
E02000519,0.795992622957033,0.04740540208651341,0.1566019762459692,0.0,0.0
E02000520,0.3600957243829485,0.19923806167147606,0.3771796051016036,0.0,0.0634865938879173
E02000521,0.4428445740105086,0.0,0.19862040001988882,0.14439295938364946,0.0
E02000522,0.9103120692168246,0.006102418660071582,0.0016886859174548964,0.0,0.0
E02000523,0.6908091131607771,0.038111931425424225,0.17452399421383197,0.0,0.002880166939403814
E02000524,0.08265733990866643,0.01832007066145277,0.027039120870030013,0.028479107045299913,0.0
E02000525,0.2556810842404414,0.060056247434496564,0.0,3.0709534057361865e-05,0.10709528650898947
E02000526,0.9971075624633451,0.0028924377315432074,0.0,0.0,0.0
E02000528,0.6041306517913926,0.30058196514506264,0.06683740462086406,0.0,0.02270188516960187
E02000529,0.9324362267455343,0.0,0.0,0.0,4.329957926474369e-05
E02000530,0.23898332586294488,0.15424085747599114,0.40930570219746554,0.0,0.19747012518238347
E02000531,0.5305204055574102,0.1789020639569154,0.0076230666470339,0.0,0.2811244073526163
E02000532,0.46600320805208,0.1409255780044329,0.0,0.0,0.3890322022131026
E02000533,0.8775908247075731,0.0,0.0,0.0,0.11953085578717762
E02000534,0.27078905760225774,0.004170147370920186,0.13472818793587166,0.0,0.34266520397785694
E02000535,0.8028816894841306,0.19706682093092376,0.0,0.0,5.1470408219022496e-05
E02000536,0.7784360956125583,0.19487676411170116,0.0,0.0,0.0
E02000537,0.6555373683816466,0.0,0.0,0.0,0.04854587092578729
E02000538,0.4947803563557769,0.15827030637002598,0.27284903503997526,0.0,0.0733006721992232
E02000539,0.8864861834903466,0.0,0.0527775021067192,0.0,0.060736316756648395
E02000540,0.9999999999728362,0.0,0.0,0.0,0.0
E02000541,0.9972675506651258,0.002500103799497251,0.00023234546893478855,0.0,0.0
E02000542,0.9999999998051228,0.0,0.0,0.0,0.0
E02000543,0.999999997361556,0.0,0.0,0.0,0.0
E02000544,0.7754943600350755,0.0,0.21120072574679633,0.0,0.013304924538272455
E02000545,0.7842427240789379,0.0,0.16039932387461728,0.0,0.0553579490198971
E02000546,0.46753950712979225,0.001662157092366753,0.00019106017131433127,0.0,0.18656514886873993
E02000547,0.5398843140556877,0.12393684637205363,0.1475711120277976,0.0,0.0
E02000548,0.45888266929254323,0.2022960990564589,0.13252884366318632,0.0,0.0
E02000549,0.7662179105575371,0.03935968843031803,0.0,0.0,0.02664740216608166
E02000550,0.9999999970215132,0.0,0.0,0.0,0.0
E02000551,0.6625990569768454,0.25303643126461567,0.0,0.0,0.0
E02000552,0.37624842702290306,0.4871262756775357,0.13662529950830962,0.0,0.0
E02000553,0.393435100783592,0.38364987797608807,0.13308104185437716,0.0,0.08983397914990167
E02000554,0.9999999999999986,0.0,0.0,0.0,0.0
E02000555,1.000000000124744,0.0,0.0,0.0,0.0
E02000556,1.0000000000013953,0.0,0.0,0.0,0.0
E02000557,0.999999999966096,0.0,0.0,0.0,0.0
E02000558,0.9999999999815067,0.0,0.0,0.0,0.0
E02000559,1.0000000017016608,0.0,0.0,0.0,0.0
E02000560,0.9999999995310742,0.0,0.0,0.0,0.0
E02000561,0.999999999956089,0.0,0.0,0.0,0.0
E02000562,0.9999999999999998,0.0,0.0,0.0,0.0
E02000563,1.0000000001503442,0.0,0.0,0.0,0.0
E02000564,0.9999999990831958,0.0,0.0,0.0,0.0
E02000565,0.9999999999599213,0.0,0.0,0.0,0.0
E02000566,0.9999999998827875,0.0,0.0,0.0,0.0
E02000567,1.0000000000000004,0.0,0.0,0.0,0.0
E02000568,0.9922095755824013,0.0,0.0,0.007790425049547818,0.0
E02000569,1.0000000000000024,0.0,0.0,0.0,0.0
E02000570,0.9999999999999998,0.0,0.0,0.0,0.0
E02000571,0.9999999999999997,0.0,0.0,0.0,0.0
E02000572,0.9999578754017316,0.0,0.0,4.2125350068427e-05,0.0
E02000573,1.000000000019181,0.0,0.0,0.0,0.0
E02000574,0.9877998894625935,0.0,0.0,0.012200110177654414,0.0
E02000575,0.9999999999693897,0.0,0.0,0.0,0.0
E02000576,1.0000000000000002,0.0,0.0,0.0,0.0
E02000577,0.8136106699119149,0.18638932882081016,0.0,0.0,0.0
E02000578,0.9775925206143897,0.0224074793932362,0.0,0.0,0.0
E02000579,0.905136934671629,0.004370384562861871,0.09049268100504892,0.0,0.0
E02000580,0.9999999999999979,0.0,0.0,0.0,0.0
E02000581,0.8586761058854969,0.0,0.14132389382955715,0.0,0.0
E02000582,1.0000000000762967,0.0,0.0,0.0,0.0
E02000583,0.9777436585792063,0.0,0.022256341675957574,0.0,0.0
E02000584,0.7716482101960235,0.22835176607265376,0.0,0.0,0.0
E02000585,0.997569657773972,0.0,0.002430342278212682,0.0,0.0
E02000586,0.9973051283125371,0.0026948717237180032,0.0,0.0,0.0
E02000587,1.000000000035433,0.0,0.0,0.0,0.0
E02000588,1.0000000000708518,0.0,0.0,0.0,0.0
E02000589,1.000000000087302,0.0,0.0,0.0,0.0
E02000590,0.9999999999241715,0.0,0.0,0.0,0.0
E02000591,0.9999999997117204,0.0,0.0,0.0,0.0
E02000592,1.0000000000562934,0.0,0.0,0.0,0.0
E02000593,0.9999999998808178,0.0,0.0,0.0,0.0
E02000594,0.5861895836604789,0.0,0.0,0.0,0.40174002301711886
E02000595,0.9998837531345109,0.0,0.0,0.0,0.0
E02000596,1.0000000000002505,0.0,0.0,0.0,0.0
E02000597,0.9567480641071471,0.0,0.04325197020497716,0.0,0.0
E02000598,0.9835458301197427,0.005289370901256613,0.0,0.0,0.011164797536821612
E02000599,0.6635085992321712,0.08303752453539694,0.0,0.0,0.25345387274189096
E02000600,0.8746767877162731,0.0,0.0,0.0,0.12532322569209925
E02000601,0.9999999999963568,0.0,0.0,0.0,0.0
E02000602,0.8907500196640549,0.10760000419269332,0.001649975775896495,0.0,0.0
E02000603,0.8300885608140147,0.15458770953901538,0.0153237303522936,0.0,0.0
E02000604,0.7859636714047141,0.06504157863187825,0.013603073355009813,0.0,0.13539167661825716
E02000605,0.8342996375749472,0.1657003627460009,0.0,0.0,0.0
E02000606,0.9871443135998165,0.012855686766710187,0.0,0.0,0.0
E02000607,0.7018799792696705,0.1282793755274731,0.16984064519551542,0.0,0.0
E02000608,0.9927543825375943,0.007245616962571997,0.0,0.0,0.0
E02000609,0.8753634895847132,0.12463651820233054,0.0,0.0,0.0
E02000610,1.0,0.0,0.0,0.0,0.0
E02000611,0.9462732578406208,0.05372674330633535,0.0,0.0,0.0
E02000612,0.9166708423273328,0.08230916843585309,0.0010199823904874328,0.0,0.0
E02000613,0.962825764525259,0.03717423886723792,0.0,0.0,0.0
E02000614,0.42481842559720007,0.4980302599101109,0.0771513137757909,0.0,0.0
E02000615,0.7243568220744778,0.2479887133401711,0.02583051948449192,0.0,0.0
E02000616,0.750675059720502,0.007770985134836284,0.09301231217514021,0.0,0.02223871298127044
E02000617,0.20046025973547177,0.00021327560274958117,0.0,0.0,0.12014100807656522
E02000619,0.9959427135622709,0.0,0.0,0.0,0.0
E02000620,0.9999999992075055,0.0,0.0,0.0,0.0
E02000621,0.9397696193081556,0.0,0.060230375791333675,0.0,0.0
E02000622,0.9999999999999947,0.0,0.0,0.0,0.0
E02000623,0.9999999999448488,0.0,0.0,0.0,0.0
E02000624,0.999999999999999,0.0,0.0,0.0,0.0
E02000625,0.956895769500792,0.0,0.04310423052559772,0.0,0.0
E02000626,1.000000000237522,0.0,0.0,0.0,0.0
E02000627,1.0000000000071463,0.0,0.0,0.0,0.0
E02000628,0.9999999999074344,0.0,0.0,0.0,0.0
E02000629,0.9868830332352676,0.0,0.013116965475164168,0.0,0.0
E02000630,0.9329248185858132,0.0,0.00020737107958531209,0.0,0.06686781041024843
E02000631,0.9999999991811617,0.0,0.0,0.0,0.0
E02000632,1.0000000027978109,0.0,0.0,0.0,0.0
E02000633,0.9999999999522655,0.0,0.0,0.0,0.0
E02000634,0.950049708393673,0.0,0.0,0.0,0.04995028981942446
E02000635,0.6020966995683035,0.0,0.0,0.0,0.39790330056554546
E02000636,0.6770892238343851,0.0,0.0,0.0,0.32291077769886883
E02000637,0.9952730191291562,0.0,0.0,0.0,0.004726979320887216
E02000638,0.9999999997987966,0.0,0.0,0.0,0.0
E02000639,1.0000000000000004,0.0,0.0,0.0,0.0
E02000640,0.9780961590411877,0.0,0.0,0.0,0.021903840962474656
E02000641,0.9813343702694041,0.0,0.0,0.0,0.01866562950139764
E02000642,0.9959951484568684,0.0,0.0,0.0,0.004004851562715932
E02000643,0.9913088154872662,0.0,0.0,0.0,0.008691188338612599
E02000644,0.9999999999241102,0.0,0.0,0.0,0.0
E02000645,0.9999999995467236,0.0,0.0,0.0,0.0
E02000646,0.9361363770420529,0.0,0.0,0.0,0.06386362016097615
E02000647,0.9970463731882394,0.0,0.0,0.0,0.0029536277038512775
E02000648,0.9999999997612263,0.0,0.0,0.0,0.0
E02000649,0.9970664723712647,0.0,0.0,0.0,0.0029335279651361065
E02000650,0.9999999999999992,0.0,0.0,0.0,0.0
E02000651,0.793380043581914,0.0,0.0,0.0,0.2066199563586946
E02000652,1.0,0.0,0.0,0.0,0.0
E02000653,0.8271521149661997,0.0,0.0,0.1617971730747635,0.0
E02000654,0.9859431679687758,0.0,0.0,0.0022271820284617315,0.0
E02000655,0.8106559940881705,0.0,0.0003516498131552679,0.1889923560064577,0.0
E02000657,0.999999999999018,0.0,0.0,0.0,0.0
E02000658,1.0000000000000002,0.0,0.0,0.0,0.0
E02000659,0.8561377046238319,0.11602194288218078,0.027840352067342672,0.0,0.0
E02000660,0.9999999999924374,0.0,0.0,0.0,0.0
E02000661,0.5846806268258579,0.41531937304670313,0.0,0.0,0.0
E02000662,0.9021737544013028,0.09782624598616432,0.0,0.0,0.0
E02000663,0.8557984795539235,0.14191670631142078,0.0022848164453377422,0.0,0.0
E02000664,0.7135347719600282,0.0,0.2864652283477381,0.0,0.0
E02000665,0.9999999999999999,0.0,0.0,0.0,0.0
E02000666,0.764870008001967,0.23512998984877811,0.0,0.0,0.0
E02000667,0.8909692355635157,0.10903076409562468,0.0,0.0,0.0
E02000668,1.0000000000000004,0.0,0.0,0.0,0.0
E02000669,1.0000000000000004,0.0,0.0,0.0,0.0
E02000670,0.9999999999999991,0.0,0.0,0.0,0.0
E02000671,0.9716047456449621,0.02839525423637477,0.0,0.0,0.0
E02000672,0.9268676936885076,0.07313230631328918,0.0,0.0,0.0
E02000673,0.9998383581887001,0.00016164137624103647,0.0,0.0,0.0
E02000674,1.0000000000000002,0.0,0.0,0.0,0.0
E02000675,0.9217156113380588,0.07828438928813114,0.0,0.0,0.0
E02000676,0.9999999999999996,0.0,0.0,0.0,0.0
E02000677,0.9999999999999998,0.0,0.0,0.0,0.0
E02000678,0.7850163669639145,0.21498363211952212,0.0,0.0,0.0
E02000679,1.0000000000000002,0.0,0.0,0.0,0.0
E02000680,0.9999999999999996,0.0,0.0,0.0,0.0
E02000681,0.6885459948449671,0.20948593013571906,0.1019680751068152,0.0,0.0
E02000682,0.9999999999999977,0.0,0.0,0.0,0.0
E02000683,0.7807877214995484,0.21921227816464298,0.0,0.0,0.0
E02000685,1.0000000000000007,0.0,0.0,0.0,0.0
E02000686,0.4122197659604763,0.009055579140371502,0.15701083504539268,0.0,0.4217138194986793
E02000687,0.9990141052383957,0.0,0.0009858949379008164,0.0,0.0
E02000689,0.5425793085907268,0.004199081814469395,0.27434639835330216,0.0,0.17887521198583192
E02000690,0.33491687790323166,0.3477876177364453,0.0,0.0,0.31729550575399973
E02000691,0.9987084139802338,0.0,0.0012915848434987204,0.0,0.0
E02000692,1.000000000062892,0.0,0.0,0.0,0.0
E02000693,0.7225232157318184,0.08053734762630203,0.19693943652539647,0.0,0.0
E02000694,0.9960457175994609,8.433510340692206e-05,0.0038699470834078348,0.0,0.0
E02000695,1.0000000003248477,0.0,0.0,0.0,0.0
E02000696,0.8607887095018709,0.0,0.13921129006685432,0.0,0.0
E02000697,0.8279136740685429,0.0,0.15389330840390272,0.0,0.01819296912591777
E02000698,0.8571915362902185,0.13884946189564848,0.0,0.0,0.003958998928650871
E02000699,0.999999997641691,0.0,0.0,0.0,0.0
E02000700,0.7972116948039237,0.0,0.1872598233221889,0.0,0.015528546827246786
E02000701,0.9999999999999992,0.0,0.0,0.0,0.0
E02000702,0.5468233262413509,0.43471156712436343,0.0,0.0,0.018465113492057424
E02000703,0.93356365528526,0.0,0.00844612604590984,0.0,0.057990217889383085
E02000704,0.7156979860208839,0.18098811656350988,0.08171855609031387,0.0,0.021595339735170936
E02000705,0.7907173073767644,0.20928269192162963,0.0,0.0,0.0
E02000706,0.9980483555994097,0.0,0.0,0.0,0.001951644596855819
E02000707,0.7077346277720201,0.290944824342543,0.0013205432067932856,0.0,0.0
E02000708,0.6141853811019741,0.26007557601982917,0.1257390494680158,0.0,0.0
E02000709,0.6214656345968629,0.3785343586872174,0.0,0.0,0.0
E02000710,0.44358236097527715,0.178730698103444,0.19012618777508866,0.0,0.18756076388394882
E02000711,0.8816789618435261,0.0,0.0,0.0,0.11832103809721284
E02000712,0.771765569789441,0.22823443046129485,0.0,0.0,0.0
E02000713,0.6513788960368064,0.20909042063481562,0.13953068308792224,0.0,0.0
E02000714,0.9754076951377969,0.024592304424721892,0.0,0.0,0.0
E02000715,0.8724498301245939,0.0016223481185756808,0.12486392224193563,0.0,0.0010638938738482362
E02000716,0.35329954800914953,0.6284805966620285,0.0,0.0,0.018219855332631058
E02000717,1.0,0.0,0.0,0.0,0.0
E02000718,0.7025991232637426,0.2662417450090644,0.03115913928652899,0.0,0.0
E02000719,0.9999999999999988,0.0,0.0,0.0,0.0
E02000720,0.987786572513477,0.012213427086793854,0.0,0.0,0.0
E02000721,1.0,0.0,0.0,0.0,0.0
E02000722,0.9938605596372397,0.00613944050277993,0.0,0.0,0.0
E02000723,0.9999999999999989,0.0,0.0,0.0,0.0
E02000724,1.0000000000000002,0.0,0.0,0.0,0.0
E02000725,0.914536759530072,0.0,0.08546324085393095,0.0,0.0
E02000726,0.2652507793054563,0.0,0.39734292008100663,0.0013562898121554884,0.3360500103881468
E02000727,0.9999999999999992,0.0,0.0,0.0,0.0
E02000728,0.7373958854599175,0.25436429785098785,0.008239825690868072,0.0,0.0
E02000729,0.6403344282906706,0.3596655716560277,0.0,0.0,0.0
E02000730,0.9825581333585478,0.017441866802136156,0.0,0.0,0.0
E02000731,1.0000000000000018,0.0,0.0,0.0,0.0
E02000732,1.0000000000000002,0.0,0.0,0.0,0.0
E02000733,0.9933743786602877,0.0,0.006625622102885146,0.0,0.0
E02000734,0.9999999999999999,0.0,0.0,0.0,0.0
E02000735,0.9999999999999998,0.0,0.0,0.0,0.0
E02000736,0.5384524289963685,0.10529114825380734,0.35625641590990786,0.0,0.0
E02000737,1.0000000000000009,0.0,0.0,0.0,0.0
E02000738,0.999999999999999,0.0,0.0,0.0,0.0
E02000739,1.0000000000000002,0.0,0.0,0.0,0.0
E02000740,0.4340612011307538,0.21371620427415836,0.3522225933636034,0.0,0.0
E02000741,0.7034669892819452,0.0,0.0,0.0,0.29653301074627114
E02000742,0.8205699855799067,0.0013828862270493447,0.03539020265718264,0.0,0.14265692768063906
E02000743,0.9999999986453303,0.0,0.0,0.0,0.0
E02000744,0.8777678354162575,0.0,0.0,0.0,0.12223216467507075
E02000745,0.8037169790339792,0.18533138568813887,0.006923246901466258,0.0,0.00402838823949943
E02000746,0.187028147527211,0.0,0.7731602884098812,0.0,0.0
E02000747,0.47817408447554677,0.0,0.38105106829864493,0.0,0.0
E02000748,0.44166177114448085,0.24025755686616285,0.0,0.0,0.0
E02000749,0.6218643238232913,0.03095463156141768,0.0,0.0,0.0
E02000750,0.12750238846566758,0.0,0.4300969047272967,0.0,0.0
E02000751,0.7311584477375069,0.0,0.0,0.0,0.18450809191553458
E02000752,0.25870743074725233,0.0005400481422061247,0.0,0.0,0.29919182151388196
E02000753,0.9769507878414547,0.004334822614376322,0.01871438943753673,0.0,0.0
E02000754,0.7062380218521861,0.0,0.0,0.0,0.29376197803913884
E02000755,0.6359433389615345,0.02509278019379735,0.0,0.04160899144981273,0.29735489151258643
E02000756,0.4801122700276938,0.18083860960781667,0.04659502705922933,0.0,0.2921082595301312
E02000757,0.9918866752584873,0.0,0.0,3.93815789620575e-05,0.0
E02000758,0.7989759564679275,0.13248017116609967,0.0,0.0,0.06854387142461228
E02000759,0.6813027142906762,0.015099863036337603,0.0,0.22366476382604006,0.07993266430095805
E02000760,0.9999208690546069,7.913066169445704e-05,0.0,0.0,0.0
E02000762,1.0000000000000013,0.0,0.0,0.0,0.0
E02000763,0.1287678248770948,0.0,0.0,0.0,0.15086669538720102
E02000764,0.9331110228299015,0.03170486472520741,0.0,0.0,0.0
E02000765,0.9999999999999982,0.0,0.0,0.0,0.0
E02000767,0.9999999999999976,0.0,0.0,0.0,0.0
E02000768,0.6210731981832972,0.26784789247214696,0.0,0.01642831698963222,0.09465067343738479
E02000769,0.9578089117067288,0.0,0.034853016409589044,0.0,0.0
E02000770,0.6915422401539342,0.27485676659504854,0.03233991859240044,0.0,0.0
E02000772,0.5433149794259491,0.0948155973585153,0.31712299316106035,0.0,0.0
E02000773,0.9332050496523098,0.00040393871230699665,0.06639101355904989,0.0,0.0
E02000774,0.9420164285014578,0.00036017248923797714,0.05762339869991983,0.0,0.0
E02000776,0.9440724921475203,0.00795430118972827,0.04797320666989079,0.0,0.0
E02000777,0.25126244973397954,0.6513927250382162,0.0,0.0,0.09734478607659133
E02000779,0.6922481148224611,0.0026354683601667235,0.11159038552095422,0.0,0.1935260318838346
E02000780,0.7511260497564793,0.011764461161712338,0.23710948892204295,0.0,0.0
E02000781,0.9286539134399121,0.07134608681835491,0.0,0.0,0.0
E02000782,0.6973622262718172,0.09223720793323739,0.21040056515528777,0.0,0.0
E02000783,0.6144375076031301,0.38556249219000105,0.0,0.0,0.0
E02000784,0.4838398255202132,0.17772992644269484,0.0,0.0,0.30853425115141775
E02000785,0.35023121933741075,0.0,0.0,0.0,0.6384296971085895
E02000786,0.6973330915189732,0.2899384509335673,0.0,0.0,0.007968028726261263
E02000787,0.9908855879067647,0.0,0.0,0.0,0.0
E02000788,0.9292068812631147,0.0,0.0,0.0,0.07079311872731761
E02000789,0.4817838491637,0.0,0.0,0.0,0.5182161526297995
E02000790,0.9776622539794385,0.0,0.0,0.0,0.022337741816778584
E02000791,0.8979422822407339,0.07924436928626637,0.0,0.0,0.02281335139803463
E02000792,0.6841956406437597,0.0006032691160011962,0.0,0.0,0.3152010970740442
E02000793,0.8918389144995007,0.0,0.0,0.0,0.10816108508855267
E02000794,0.8987888919200382,0.0,0.0,0.0,0.10121109865346681
E02000795,0.13476472976524864,0.08988105904097687,0.0,0.0,0.7753542093883571
E02000796,0.8938993163568738,0.0,0.0,0.0,0.0
E02000797,0.9332122491287416,0.04991779882037031,0.0,0.0,0.016869960175753863
E02000798,0.6744359228156832,0.0,0.0,0.0,0.30866803180762514
E02000799,0.9847260774214263,0.015273922737767238,0.0,0.0,0.0
E02000800,0.3767195639284439,0.6232804466826742,0.0,0.0,0.0
E02000801,0.974028015919857,0.025971983193845232,0.0,0.0,0.0
E02000802,0.6969905892599967,0.30207689739923305,0.0,0.0,0.0009325128524399383
E02000803,0.7438512058824955,0.10451441948930591,0.1489853182217688,0.0,0.0026490563914324822
E02000804,0.30132522457028516,0.698674775542722,0.0,0.0,0.0
E02000805,0.7137029231852593,0.28629707674903015,0.0,0.0,0.0
E02000806,0.28416158711967365,0.5486986653964169,0.0,0.0,0.039608830860695284
E02000807,0.9397913363439386,0.0,0.05980115214260663,0.0,0.0
E02000808,0.9917249460703922,0.0,0.0,0.0,0.0
E02000809,0.9813263474722238,0.0,0.0,0.0,0.0
E02000810,0.9858367867498503,0.0,0.0,0.0,0.0
E02000812,1.000000001816695,0.0,0.0,0.0,0.0
E02000813,0.7955237937588776,0.0,0.1981158191365947,0.00011553412229137341,0.0
E02000814,0.5280439279344169,0.0,0.14963054088681613,0.0,0.0
E02000815,0.9999999999200326,0.0,0.0,0.0,0.0
E02000816,0.928251703641609,0.0,0.06728415789705226,0.004464138066752943,0.0
E02000817,0.8278084086747994,0.0,0.08410965593947131,0.08808193557506037,0.0
E02000818,1.0000000013251293,0.0,0.0,0.0,0.0
E02000819,0.9888266379647661,0.0,0.01117336236634899,0.0,0.0
E02000820,0.9999999997464878,0.0,0.0,0.0,0.0
E02000821,0.4859324591320707,0.4457304908203572,0.06833705173614768,0.0,0.0
E02000822,0.7451438124717955,0.25485618758222517,0.0,0.0,0.0
E02000823,0.8012256705049501,0.19877432808276083,0.0,0.0,0.0
E02000824,0.548745391149818,9.900810914856833e-05,0.4511556028045679,0.0,0.0
E02000825,0.9783042875281873,0.02169571051348275,0.0,0.0,0.0
E02000826,0.9999772491401352,2.2751130038574953e-05,0.0,0.0,0.0
E02000827,0.9999999997193709,0.0,0.0,0.0,0.0
E02000828,1.0000000000000024,0.0,0.0,0.0,0.0
E02000829,0.9948942437009737,0.0,0.005105753658592824,0.0,0.0
E02000830,0.9940832018801402,0.0,0.005916798882433252,0.0,0.0
E02000831,1.0000000000000009,0.0,0.0,0.0,0.0
E02000832,0.9268241540627901,0.07317584785280352,0.0,0.0,0.0
E02000833,0.6712694844949607,0.0,0.32873051610514986,0.0,0.0
E02000834,0.6809548476507752,0.0047117018997366086,0.0,0.0,0.3143334511215588
E02000835,0.38347885036977436,0.6111111720160322,0.0,0.0,0.005409976535896965
E02000836,0.9941224957312671,0.0,0.005877504007566165,0.0,0.0
E02000837,0.6253681200854209,0.0,0.000815746280469139,0.0,0.3738161336863931
E02000838,0.9039985933172728,0.0,0.0,0.0,0.096001406270015
E02000839,0.5296050504430934,0.0,0.0,0.0,0.33774314281715345
E02000840,0.6067725504718652,0.35759154751282674,0.035635905745478,0.0,0.0
E02000841,0.8431582864172249,0.1568417150840528,0.0,0.0,0.0
E02000842,1.0000000000000022,0.0,0.0,0.0,0.0
E02000843,0.9239827483544798,0.07575715610793352,0.0002600904634165524,0.0,0.0
E02000844,0.9999999999999993,0.0,0.0,0.0,0.0
E02000845,0.733423483402195,0.07261242669693634,0.1939640902157041,0.0,0.0
E02000846,0.7688685362588257,0.2311314624896134,0.0,0.0,0.0
E02000847,0.9950291342021341,0.0005959604336048781,0.004374905072589381,0.0,0.0
E02000848,1.0000000000000002,0.0,0.0,0.0,0.0
E02000849,0.8590689845705792,0.0,0.0,0.0,0.14093101525293525
E02000850,0.33305073309847294,0.007362247203875625,0.47323032543090304,0.0,0.10314617123870268
E02000851,1.0000000000127631,0.0,0.0,0.0,0.0
E02000852,1.0000000000000002,0.0,0.0,0.0,0.0
E02000853,1.0000000001815754,0.0,0.0,0.0,0.0
E02000854,1.000000000275725,0.0,0.0,0.0,0.0
E02000855,0.8377249716663269,0.1622750283078962,0.0,0.0,0.0
E02000856,0.9999999999999997,0.0,0.0,0.0,0.0
E02000857,0.9999999997257611,0.0,0.0,0.0,0.0
E02000858,0.36455279298453225,0.28564678545697403,0.34980042256419813,0.0,0.0
E02000859,0.9781160919926927,0.0,0.0,0.0,0.0
E02000860,0.9999999994876754,0.0,0.0,0.0,0.0
E02000861,0.9644927204982074,0.0,0.0,0.0,0.034491307280416404
E02000863,0.33481567648583144,0.03870691923043908,0.007381386227558586,0.0,0.2499457774686766
E02000864,0.35086857412597555,0.3338261557069711,0.21456663548330362,0.0,0.10073863670785471
E02000865,0.9988251691720047,0.0011748307159736885,0.0,0.0,0.0
E02000866,0.6728429364385328,0.327157063205709,0.0,0.0,0.0
E02000867,0.6955602863594903,0.0,0.27232233757985497,0.0,0.03211737515847388
E02000868,0.9999999999045941,0.0,0.0,0.0,0.0
E02000869,1.0000000001248415,0.0,0.0,0.0,0.0
E02000870,1.000000000141584,0.0,0.0,0.0,0.0
E02000871,0.8704219369737668,0.0,0.12957806380520642,0.0,0.0
E02000872,1.0000000010401928,0.0,0.0,0.0,0.0
E02000873,1.0000000000245621,0.0,0.0,0.0,0.0
E02000874,1.0000000002376785,0.0,0.0,0.0,0.0
E02000875,0.9999999998226596,0.0,0.0,0.0,0.0
E02000876,0.9999999997308687,0.0,0.0,0.0,0.0
E02000877,1.0000000000075784,0.0,0.0,0.0,0.0
E02000878,0.9999999991882427,0.0,0.0,0.0,0.0
E02000879,0.9999999999755745,0.0,0.0,0.0,0.0
E02000880,0.9999999999918795,0.0,0.0,0.0,0.0
E02000881,0.6997301955010016,0.0,0.30026980705702194,0.0,0.0
E02000882,1.0000000097433752,0.0,0.0,0.0,0.0
E02000883,0.9990546768911186,0.0,0.000945324020552027,0.0,0.0
E02000884,1.000000001031833,0.0,0.0,0.0,0.0
E02000885,1.0000000049167557,0.0,0.0,0.0,0.0
E02000886,0.9999999886718381,0.0,0.0,0.0,0.0
E02000887,0.9572412483418251,0.0,0.042758752541735334,0.0,0.0
E02000888,0.9908227045557159,0.0,0.008692340792418011,0.0,0.0
E02000889,0.4981646928839408,0.0,0.5018353055918469,0.0,0.0
E02000890,0.8306491933789493,0.0,0.15538846717900923,0.0,0.0
E02000891,0.2816131016885364,0.0,0.7167482017844325,0.0,0.0
E02000893,0.9985315237009204,0.0,0.0,0.0,0.0
E02000894,0.9348045740095808,0.0,0.0651954248331395,0.0,0.0
E02000895,0.7517678497581923,0.05375476310034208,0.0,0.0,0.019194064335888106
E02000896,0.5251766977764991,0.0,0.0,0.0,0.1423056817584557
E02000897,0.6768338251450138,0.0,0.0,0.0,0.21660554224324194
E02000898,0.8386889158884318,0.16131110054165199,0.0,0.0,0.0
E02000899,0.9943387597421619,0.00566121935745766,0.0,0.0,0.0
E02000900,0.8732290210896868,0.0552659518317556,0.07150507336837543,0.0,0.0
E02000901,0.7902145535241666,0.00019165252293389248,0.0,0.0,0.0
E02000902,0.6899750913609654,0.3100249087181404,0.0,0.0,0.0
E02000903,0.5663147873742502,0.22697125411692204,0.027211358653019848,0.0,0.0
E02000904,0.537094039037252,0.01920450150207493,0.0,0.0,0.0
E02000905,0.989123438007293,0.01087656197740565,0.0,0.0,0.0
E02000906,1.0000000000000007,0.0,0.0,0.0,0.0
E02000907,0.9631236498898409,0.0,0.0,0.0,0.0
E02000908,0.3115524932434748,0.043902868362313274,0.2079510752261197,0.0,0.0
E02000909,0.6178010316375863,0.0,0.0,0.0,0.0
E02000910,1.0000000000000007,0.0,0.0,0.0,0.0
E02000911,0.9999999999999998,0.0,0.0,0.0,0.0
E02000912,0.29978468040044887,0.2719540237943597,0.03002163208004451,0.0,0.0
E02000913,0.9110300277837273,9.04108361787745e-05,0.0,0.0,0.0
E02000914,1.0000000000000018,0.0,0.0,0.0,0.0
E02000915,0.5789335626491876,0.256171709678594,0.0,0.0,0.0
E02000916,0.3103531255000306,0.19529932507885459,0.33158573508761296,0.006018654287314698,0.1567430677421034
E02000917,0.9999999999999974,0.0,0.0,0.0,0.0
E02000918,0.9603636021541377,0.03963639836404247,0.0,0.0,0.0
E02000919,1.000000000000668,0.0,0.0,0.0,0.0
E02000920,0.47445812324621167,0.11187116771170662,0.0,0.32601476089027687,0.08765594903027953
E02000921,0.9999999998542773,0.0,0.0,0.0,0.0
E02000922,0.9993430555866097,0.0006569438498991399,0.0,0.0,0.0
E02000923,0.4553959118514134,0.0,0.009101461896926885,0.0,0.5350283197181995
E02000924,0.25751387043233137,0.0,0.6419790029177707,0.0,0.10050712707308372
E02000925,0.9999999976545199,0.0,0.0,0.0,0.0
E02000926,0.778926758797566,0.0,0.2210732423130491,0.0,0.0
E02000927,0.9994703000625402,0.0,0.000529699622032884,0.0,0.0
E02000928,0.7676373348172323,0.20179157342120546,0.0,0.0,0.027193772672915582
E02000929,0.9558860329831863,0.0,0.044113966495533855,0.0,0.0
E02000930,0.9998899458171576,0.0,0.0,0.0,0.00011005054046642731
E02000931,0.6070408842579734,0.0,0.0,0.0,0.3929591153057641
E02000932,0.8120912918917338,0.0,0.18783418294292306,0.0,0.0
E02000933,1.000000000000001,0.0,0.0,0.0,0.0
E02000934,0.9995766721449642,0.0,0.00042332779558921455,0.0,0.0
E02000935,0.6022309068966626,0.002114183111008585,0.0,0.0,0.395654911284914
E02000936,0.9884919208138762,0.01150807917351068,0.0,0.0,0.0
E02000937,0.5523392119075928,0.0,0.0,0.0,0.4476607912901835
E02000938,0.6592812438423128,0.34071875965346454,0.0,0.0,0.0
E02000939,0.9086623053191176,0.0,0.0,0.0,0.09133769465204311
E02000940,1.0000000008700916,0.0,0.0,0.0,0.0
E02000941,0.8555839225306103,0.0,0.0,0.0,0.14441607795157144
E02000942,0.9999999999834228,0.0,0.0,0.0,0.0
E02000943,0.921746086019174,0.0,0.0,0.0,0.07825391292039158
E02000944,0.9997558226766545,0.0002441767521655745,0.0,0.0,0.0
E02000945,0.3604162050738512,0.607773429316874,0.0,0.0,0.031810361701153395
E02000946,0.8857199310443492,0.0,4.816099293782027e-05,0.0,0.11423190733830621
E02000947,0.9946536081453179,0.0,0.0,0.0,0.005346389844384823
E02000948,0.5384002870991672,0.0,0.0,0.0,0.4615997133023002
E02000949,0.6584829297597964,0.0,0.17669844652738315,0.0,0.1648186458277976
E02000950,0.8443293936118691,7.157869895457764e-09,0.0,0.0,0.15567059928806223
E02000951,0.9999999999999999,0.0,0.0,0.0,0.0
E02000952,0.8812701725721915,0.0,0.0,0.0,0.11872982795912368
E02000953,0.704157288377757,0.0,0.2104733406865124,0.0,0.08536936857712848
E02000954,0.9998367302871229,0.0,0.00016327029764106924,0.0,0.0
E02000955,0.9909957463210917,0.0,0.009004200458263339,0.0,0.0
E02000956,0.7495513963784133,0.2483858618395239,0.002062741739191008,0.0,0.0
E02000957,0.9999999994659232,0.0,0.0,0.0,0.0
E02000958,0.8446176699824962,0.0,0.0,0.0,0.1553823293319962
E02000959,0.9939796678017697,0.0,0.0,0.0,0.006020331836930859
E02000960,0.6239939436565238,0.37600605486952676,0.0,0.0,0.0
E02000961,0.9999999999999981,0.0,0.0,0.0,0.0
E02000962,0.9999999999728593,0.0,0.0,0.0,0.0
E02000963,1.0000000000010667,0.0,0.0,0.0,0.0
E02000964,1.0000000000101255,0.0,0.0,0.0,0.0
E02000965,1.0000000002745562,0.0,0.0,0.0,0.0
E02000966,1.0000000001840657,0.0,0.0,0.0,0.0
E02000967,0.4147705241840538,0.5852294744409847,0.0,0.0,0.0
E02000968,1.0000000005554397,0.0,0.0,0.0,0.0
E02000969,1.000000006321908,0.0,0.0,0.0,0.0
E02000970,0.9683790639416224,0.031620934371948205,0.0,0.0,0.0
E02000971,1.0000000000000004,0.0,0.0,0.0,0.0
E02000972,0.9999999999999988,0.0,0.0,0.0,0.0
E02000973,0.999999993498983,0.0,0.0,0.0,0.0
E02000974,0.9786487587123486,0.021351240862503732,0.0,0.0,0.0
E02000975,0.9838061299601062,0.01619386431686994,0.0,0.0,0.0
E02000976,0.9998156198826016,0.00018438676124689802,0.0,0.0,0.0
E02000977,0.7826952821418525,0.21650763221980884,0.0,0.0,0.0
E02000978,0.30820509289766335,0.691794913015242,0.0,0.0,0.0
E02000979,0.819042889717932,0.17611435261596117,0.0,0.0,0.0
E02000980,0.9971461572166017,0.0,0.0,0.0,0.0
E02000981,0.9999999999999992,0.0,0.0,0.0,0.0
E02000982,0.9891993660739943,0.0,0.0,0.0,0.01080063553790386
E02000983,0.9996338959177454,0.0,0.0,0.0,0.0
E02006335,0.8868110437534084,0.11318895632731073,0.0,0.0,0.0
E02006782,0.6015121984186321,0.0481951280330664,0.0,0.0,0.35029263049861165
E02006783,0.999999999999999,0.0,0.0,0.0,0.0
E02006784,0.7318253428519575,0.0,0.0,0.0,0.2681746583047008
E02006785,0.7321401389923585,0.26785985662508177,0.0,0.0,0.0
E02006786,0.6174255978894851,0.38257440226557743,0.0,0.0,0.0
E02006787,0.9998636235156786,0.0001363752474311526,0.0,0.0,0.0
E02006788,0.5830689175578209,0.4147005461728599,0.0,0.0,0.0022305753248923824
E02006789,0.0875043949276644,0.0,0.0,0.0,0.049909054188296345
E02006791,0.9831669164640092,0.0,0.01683308353997954,0.0,0.0
E02006792,0.7393568318834631,0.0004256505105591099,0.26021751752712835,0.0,0.0
E02006793,1.000000000122158,0.0,0.0,0.0,0.0
E02006794,0.9804147520883346,0.019585248084725296,0.0,0.0,0.0
E02006795,0.9659352654950166,0.03406473442481187,0.0,0.0,0.0
E02006796,0.39219567911916886,0.10717881638462382,0.11921220268890792,0.0,0.0005606283513608075
E02006798,0.9543908671473578,0.0,0.0,0.045609132663237566,0.0
E02006799,0.8940870776859321,0.007240401173742071,0.09867252100825792,0.0,0.0
E02006800,0.8235238690665825,0.16905178810231866,0.00742434206528699,0.0,0.0
E02006801,0.9989039247229006,0.0,0.0,0.0,0.0
E02006802,1.0000000001691418,0.0,0.0,0.0,0.0
E02006836,0.6553805871750138,0.0,0.0,0.0,0.31474848585736365
E02006853,0.8070347464819594,0.0,0.19296520605618533,0.0,0.0
E02006854,0.21601836506516592,0.0,0.7825563190489484,0.0,0.0
E02006882,1.0000000000286409,0.0,0.0,0.0,0.0
E02006918,0.7802513567117952,0.0,0.0,0.0,0.21974864875119687
E02006921,0.8499389964955407,0.15006099802396322,0.0,0.0,0.0
E02006924,0.6670747883359123,0.2875224369417082,0.0,0.0,0.04540277488446044
E02006925,0.8308947647320598,0.15929980206768293,0.0,0.009805427986328552,0.0
E02006927,0.6506903173454148,0.1878374460924288,0.0,0.0,0.0
E02006928,0.9997325796385476,0.0,0.0,0.0,0.0
E02006929,0.13076459737363516,0.0,0.8677956375880156,0.0,0.0
E02006930,0.7319262050213299,0.0,0.2653477533461221,0.0,0.0027260401978840606
E02006931,0.5158080412438315,0.09772517738142142,0.0009474190944879117,0.0,0.3847591781668448
